budget_record_id|fiscal_year|programme_name|line_item_category|budget_type|amount_zmw|currency|funding_source
NCC-FIN-0001|2026|Local Governance and Institutional Management|02Use of Goods and Services 02General Operations 03Transfers 01Transfers 04Assets 01Non-Financial Assets (Capital Expenditure) 02Financial Assets|APPROVED_BUDGET|21816104.0|ZMW|LGEF / Local Revenue / National Grants
NCC-FIN-0002|2026|"Constituency Development
Table"|CDF Radio programmes conducted 01 Number of CDF Radio programmes conducted|APPROVED_BUDGET|60.0|ZMW|LGEF / Local Revenue / National Grants
NCC-FIN-0003|2026|"Constituency Development
Table"|CDF Documentaries produced 01 Number of CDF Documentaries produced|APPROVED_BUDGET|4.0|ZMW|LGEF / Local Revenue / National Grants
NCC-FIN-0004|2026|"Constituency Development
Table"|CDF News letters produced 01 Number of CDF News letters produced|APPROVED_BUDGET|4.0|ZMW|LGEF / Local Revenue / National Grants
NCC-FIN-0005|2026|"Constituency Development
Table"|Women Groups Empowered with Grants 01 Number of Women Groups empowered with grants|APPROVED_BUDGET|200.0|ZMW|LGEF / Local Revenue / National Grants
NCC-FIN-0006|2026|"Constituency Development
Table"|Youth Groups Empowered with Grants 01 Number Youth Groups Empowered with Grants|APPROVED_BUDGET|280.0|ZMW|LGEF / Local Revenue / National Grants
NCC-FIN-0007|2026|"Constituency Development
Table"|01Personal Emoluments 01Salaries and Wages 03Personnel Related Costs 02Use of Goods and Services 02General Operations 04Assets 01Non-Financial Assets (Capital Expenditure)|APPROVED_BUDGET|2160000.0|ZMW|LGEF / Local Revenue / National Grants
NCC-FIN-0008|2026|"Local Governance
Table"|01Personal Emoluments 01Salaries and Wages 03Personnel Related Costs 02Use of Goods and Services 02General Operations 04Assets 01Non-Financial Assets (Capital Expenditure)|APPROVED_BUDGET|5738824.0|ZMW|LGEF / Local Revenue / National Grants
NCC-FIN-0009|2026|"Integrated Development Planning
Table"|02Use of Goods and Services 02General Operations 04Assets 01Non-Financial Assets (Capital Expenditure)|APPROVED_BUDGET|128545.0|ZMW|LGEF / Local Revenue / National Grants
NCC-FIN-0010|2026|"Economic and business development
Table"|01Personal Emoluments 01Salaries and Wages 02Other Emoluments 03Personnel Related Costs 02Use of Goods and Services 02General Operations 04Assets 01Non-Financial Assets (Capital Expenditure)|APPROVED_BUDGET|14428835.0|ZMW|LGEF / Local Revenue / National Grants
NCC-FIN-0011|2026|"Public health and Environmental protection
Table"|01Personal Emoluments 01Salaries and Wages 03Personnel Related Costs 02Use of Goods and Services 02General Operations 04Assets 01Non-Financial Assets (Capital Expenditure)|APPROVED_BUDGET|12326231.0|ZMW|LGEF / Local Revenue / National Grants
NCC-FIN-0012|2026|"Housing and Community Amenities
Table"|01Personal Emoluments 01Salaries and Wages 03Personnel Related Costs 02Use of Goods and Services 02General Operations 03Transfers 01Transfers 04Assets 01Non-Financial Assets (Capital Expenditure)|APPROVED_BUDGET|3391224.0|ZMW|LGEF / Local Revenue / National Grants
NCC-FIN-0013|2026|"Recreation Culture and Religion
Table"|02Use of Goods and Services 02General Operations 04Assets 01Non-Financial Assets (Capital Expenditure)|APPROVED_BUDGET|486399.0|ZMW|LGEF / Local Revenue / National Grants
NCC-FIN-0014|2026|"Education and skills development
Table"|01Personal Emoluments 01Salaries and Wages 02Other Emoluments 03Personnel Related Costs 02Use of Goods and Services 02General Operations 04Assets 01Non-Financial Assets (Capital Expenditure)|APPROVED_BUDGET|29188868.0|ZMW|LGEF / Local Revenue / National Grants
NCC-FIN-0015|2026|"Public order and safety
Table"|01Personal Emoluments 01Salaries and Wages 02Other Emoluments 03Personnel Related Costs 02Use of Goods and Services 02General Operations 04Assets 01Non-Financial Assets (Capital Expenditure) 05Liabilities 01 Outstanding Bills|APPROVED_BUDGET|43773726.0|ZMW|LGEF / Local Revenue / National Grants
NCC-FIN-0016|2026|"Management and support Services
Table"|Revenue Collection Points Automated 01 Number of Automated System operational|APPROVED_BUDGET|4.0|ZMW|LGEF / Local Revenue / National Grants
NCC-FIN-0017|2026|"Management and support Services
Table"|01Personal Emoluments 01Salaries and Wages 03Personnel Related Costs 02Use of Goods and Services 02General Operations 04Assets 01Non-Financial Assets (Capital Expenditure)|APPROVED_BUDGET|10145104.0|ZMW|LGEF / Local Revenue / National Grants
NCC-FIN-0018|2026|"Resource Mobilisation and Management
Table"|Revenue base increased 01 Percentage increase in revenue collection 02 Number of revenue collection points automated|APPROVED_BUDGET|15.0|ZMW|LGEF / Local Revenue / National Grants
NCC-FIN-0019|2026|"Resource Mobilisation and Management
Table"|01Personal Emoluments 02Other Emoluments 02Use of Goods and Services 02General Operations 04Assets 01Non-Financial Assets (Capital Expenditure)|APPROVED_BUDGET|58000.0|ZMW|LGEF / Local Revenue / National Grants
NCC-FIN-0020|2026|"District Health servcies
Table"|02Use of Goods and Services 02General Operations|APPROVED_BUDGET|3200586.0|ZMW|LGEF / Local Revenue / National Grants
NCC-FIN-0021|2026|"Transport Services
Table"|02Use of Goods and Services 02General Operations|APPROVED_BUDGET|474976.0|ZMW|LGEF / Local Revenue / National Grants
NCC-FIN-0022|2026|"Agricultural Services
Table"|02Use of Goods and Services 02General Operations 04Assets 01Non-Financial Assets (Capital Expenditure)|APPROVED_BUDGET|458441.0|ZMW|LGEF / Local Revenue / National Grants
NCC-FIN-0023|2026|"Fisheries and Livestock
Table"|02Use of Goods and Services 02General Operations|APPROVED_BUDGET|88224.0|ZMW|LGEF / Local Revenue / National Grants
NCC-FIN-0024|2024|Municipal Operational Budget|Grand Total|APPROVED_BUDGET|297494919.0|ZMW|National Transfers & Council Own Revenues
NCC-FIN-0025|2024|Municipal Operational Budget|Head Total|APPROVED_BUDGET|298363129.0|ZMW|National Transfers & Council Own Revenues
NCC-FIN-0026|2024|Municipal Operational Budget|02Use of Goods and Services 02General Operations 02Socio-Economic 03Transfers 01Transfers 02Socio-Economic 04Assets 01Non-Financial Assets (Capital Expenditure) 01Engineering 02Socio-Economic 02Financial Assets 02Socio-Economic|APPROVED_BUDGET|5880626.0|ZMW|National Transfers & Council Own Revenues
NCC-FIN-0027|2024|Municipal Operational Budget|Programme Total|APPROVED_BUDGET|122542565.0|ZMW|National Transfers & Council Own Revenues
NCC-FIN-0028|2024|Municipal Operational Budget|Women and Youth empowered with grants 01 Percentage of Women and youth empowered with grants|APPROVED_BUDGET|100.0|ZMW|National Transfers & Council Own Revenues
NCC-FIN-0029|2024|Municipal Operational Budget|Loans and Grants monitored 01 Women and youth groups monitored|APPROVED_BUDGET|270.0|ZMW|National Transfers & Council Own Revenues
NCC-FIN-0030|2024|Municipal Operational Budget|01Personal Emoluments 01Salaries and Wages 02Administration 03Personnel Related Costs 02Administration 02Use of Goods and Services 02General Operations 02Administration 03Socio-Economic|APPROVED_BUDGET|1283745.0|ZMW|National Transfers & Council Own Revenues
NCC-FIN-0031|2024|Municipal Operational Budget|Programme Total|APPROVED_BUDGET|5241522.0|ZMW|National Transfers & Council Own Revenues
NCC-FIN-0032|2024|Municipal Operational Budget|01Personal Emoluments 01Salaries and Wages 01Town Planning 02Socio-Economic 03Personnel Related Costs 01Town Planning 02Socio-Economic 02Use of Goods and Services 02General Operations 01Town Planning 02Socio-Economic 04Assets 01Non-Financial Assets (Capital Expenditure) 01Town Planning|APPROVED_BUDGET|4775139.0|ZMW|National Transfers & Council Own Revenues
NCC-FIN-0033|2024|Municipal Operational Budget|Programme Total|APPROVED_BUDGET|6936959.0|ZMW|National Transfers & Council Own Revenues
NCC-FIN-0034|2024|Municipal Operational Budget|02Use of Goods and Services 02General Operations 02 Licensing|APPROVED_BUDGET|96186.0|ZMW|National Transfers & Council Own Revenues
NCC-FIN-0035|2024|Municipal Operational Budget|Programme Total|APPROVED_BUDGET|96186.0|ZMW|National Transfers & Council Own Revenues
NCC-FIN-0036|2024|Municipal Operational Budget|01Personal Emoluments 01Salaries and Wages 01Public Health 02Other Emoluments 01Public Health 03Personnel Related Costs 01Public Health 02Use of Goods and Services 02General Operations 01Public Health 01Water and Sanitation 02Public Health 04Assets 01Non-Financial Assets (Capital Expenditure) 01Public Health 01Water and Sanitation 02Public Health|APPROVED_BUDGET|8781095.0|ZMW|National Transfers & Council Own Revenues
NCC-FIN-0037|2024|Municipal Operational Budget|Programme Total|APPROVED_BUDGET|19127505.0|ZMW|National Transfers & Council Own Revenues
NCC-FIN-0038|2024|Municipal Operational Budget|01Personal Emoluments 01Salaries and Wages 01Community Development 01Engineering/ Buildings 03Personnel Related Costs 01Community Development 01Engineering/ Buildings 02Use of Goods and Services 02General Operations 01Community Development 01Engineering/ Buildings 04Assets 01Non-Financial Assets (Capital Expenditure) 01Community Development 01Engineering/ Buildings|APPROVED_BUDGET|23195187.0|ZMW|National Transfers & Council Own Revenues
NCC-FIN-0039|2024|Municipal Operational Budget|Programme Total|APPROVED_BUDGET|45076502.0|ZMW|National Transfers & Council Own Revenues
NCC-FIN-0040|2024|Municipal Operational Budget|01Personal Emoluments 01Salaries and Wages 01Housing and Social Services 03Personnel Related Costs 01Housing and Social Services 02Use of Goods and Services 02General Operations 01Housing and Social Services 02Housing and Social Services|APPROVED_BUDGET|1345787.0|ZMW|National Transfers & Council Own Revenues
NCC-FIN-0041|2024|Municipal Operational Budget|Programme Total|APPROVED_BUDGET|4591280.0|ZMW|National Transfers & Council Own Revenues
NCC-FIN-0042|2024|Municipal Operational Budget|02Use of Goods and Services 02General Operations 01Community Development|APPROVED_BUDGET|234039.0|ZMW|National Transfers & Council Own Revenues
NCC-FIN-0043|2024|Municipal Operational Budget|Programme Total|APPROVED_BUDGET|234039.0|ZMW|National Transfers & Council Own Revenues
NCC-FIN-0044|2024|Municipal Operational Budget|01Personal Emoluments 01Salaries and Wages 01Council Police 01Fire 03Personnel Related Costs 01Council Police 01Fire 02Use of Goods and Services 02General Operations 01Building Inpection 01Council Police 01Fire 04Assets 01Non-Financial Assets (Capital Expenditure) 01Fire|APPROVED_BUDGET|15506554.0|ZMW|National Transfers & Council Own Revenues
NCC-FIN-0045|2024|Municipal Operational Budget|Programme Total|APPROVED_BUDGET|21757549.0|ZMW|National Transfers & Council Own Revenues
NCC-FIN-0046|2024|Municipal Operational Budget|01Personal Emoluments 01Salaries and Wages 01Accounting 01Auditing 01Executive Management 01Legal 01Procurement 02Administration 02ICT 02Other Emoluments 02Administration 03Personnel Related Costs 01Accounting 01Auditing 01Executive Management 01Legal 01Procurement 02Administration 02ICT 02Use of Goods and Services 02General Operations 01Accounting 01Auditing 01Executive Management 01Legal 01Procurement 02Administration 02ICT 04Assets 01Non-Financial Assets (Capital Expenditure) 01Accounting 02Administration 02ICT 05Liabilities 01 Outstanding Bills 01Accounting|APPROVED_BUDGET|27298608.0|ZMW|National Transfers & Council Own Revenues
NCC-FIN-0047|2024|Municipal Operational Budget|Programme Total|APPROVED_BUDGET|52274354.0|ZMW|National Transfers & Council Own Revenues
NCC-FIN-0048|2024|Municipal Operational Budget|01Personal Emoluments 01Salaries and Wages 01Revenue 03Personnel Related Costs 01Revenue 02Use of Goods and Services 02General Operations 01Revenue|APPROVED_BUDGET|7201700.0|ZMW|National Transfers & Council Own Revenues
NCC-FIN-0049|2024|Municipal Operational Budget|Programme Total|APPROVED_BUDGET|10810235.0|ZMW|National Transfers & Council Own Revenues
NCC-FIN-0050|2024|Municipal Operational Budget|02Use of Goods and Services 02General Operations 01District Health Office 04Assets 01Non-Financial Assets (Capital Expenditure) 01District Health Office|APPROVED_BUDGET|5745803.0|ZMW|National Transfers & Council Own Revenues
NCC-FIN-0051|2024|Municipal Operational Budget|Programme Total|APPROVED_BUDGET|5869183.0|ZMW|National Transfers & Council Own Revenues
NCC-FIN-0052|2024|Municipal Operational Budget|02Use of Goods and Services 02General Operations 01Veterinary services|APPROVED_BUDGET|62404.0|ZMW|National Transfers & Council Own Revenues
NCC-FIN-0053|2024|Municipal Operational Budget|Programme Total|APPROVED_BUDGET|62404.0|ZMW|National Transfers & Council Own Revenues
NCC-FIN-0054|2024|Municipal Operational Budget|02Use of Goods and Services 02General Operations 01Transport Services|APPROVED_BUDGET|3742847.0|ZMW|National Transfers & Council Own Revenues
NCC-FIN-0055|2024|Municipal Operational Budget|Programme Total|APPROVED_BUDGET|3742847.0|ZMW|National Transfers & Council Own Revenues
