resolution_id|committee_or_body|meeting_date|agenda_item_or_ref|resolution_summary|governance_area|status
NCC-RES-0001|Full Council Ordinary|2025-07-01|MINUTES OF THE PROCEEDINGS OF THE ORDINARY MEETING OF THE||Council Governance & Service Delivery|ADOPTED
NCC-RES-0002|Full Council Ordinary|2025-07-01|MINUTESOFTHEPROCEEDINGSOF||Council Governance & Service Delivery|ADOPTED
NCC-RES-0003|Full Council Ordinary|2025-07-01|MINUTES OC/266/07/2025 ADOPTION OFTHE MINUTESOFTHEPROCEEDING|SOF THE|Council Governance & Service Delivery|ADOPTED
NCC-RES-0004|Full Council Ordinary|2025-07-01|MINUTESOFTHEPROCEEDINGSOF THE||Council Governance & Service Delivery|ADOPTED
NCC-RES-0005|Full Council Ordinary|2025-07-01|MINUTES OF PROCEEDINGS OF THE||Council Governance & Service Delivery|ADOPTED
NCC-RES-0006|Full Council Ordinary|2025-07-01|MINISTRATION||Council Governance & Service Delivery|ADOPTED
NCC-RES-0007|Full Council Ordinary|2025-07-01|MINUTES OFTHE PROCEEDINGSOF THE||Council Governance & Service Delivery|ADOPTED
NCC-RES-0008|Full Council Special|2025-04-04|MINUTES OFTHE PROCEEDINGS OFTHE SPECIAL MEETING OFTHE COUNCI|L|Council Governance & Service Delivery|ADOPTED
NCC-RES-0009|Full Council Special|2025-04-04|MINUTES||Council Governance & Service Delivery|ADOPTED
NCC-RES-0010|Full Council Special|2025-04-04|MINUTES OFTHE PROCEEDINGSOF THE||Council Governance & Service Delivery|ADOPTED
NCC-RES-0011|Full Council Special|2025-04-04|MINSONSHI 209566/33/1 107. JACKSON BWALYA 559151/61/1 108. H|ELEN MUSONDA 124107/41/1 109. ALLAN MWALE 307369/61/1 110. KAUNDA MUTAMBO 257490/64/1 16 111. JOSEPH ZIMBA 329341/61/1 112. LYDIA SOKO 233963/61/1 113. ESTELLA MUNTANGWA 149527/46/1 114. ENERST KATANSHI 154195/45/1 115. HARRY MAMBWE 207511/61/1 116. BETRAM MWENDE 558296/61/1 117. JUSTIN MUSONDA 515740/61/1 118. CHIKONDI TEMBO 651788/61/1|Council Governance & Service Delivery|ADOPTED
NCC-RES-0012|Planning Committee|2024-09-26|MINUTES OF THE PROCEEDINGS OF THE MEETING OF PLANNING AND||Council Governance & Service Delivery|ADOPTED
NCC-RES-0013|Planning Committee|2024-09-26|MINUTES OF THE||Council Governance & Service Delivery|ADOPTED
NCC-RES-0014|Planning Committee|2024-09-26|MINING PLOT IN||Council Governance & Service Delivery|ADOPTED
NCC-RES-0015|Planning Committee|2024-09-26|MINUS AT OLD MASALA||Council Governance & Service Delivery|ADOPTED
NCC-RES-0016|Planning Committee|2024-09-26|MINIMUM RADIUS SHOULD BE 9M ALL ROUND||Council Governance & Service Delivery|ADOPTED
NCC-RES-0017|Engineering Services Committee|2024-09-23|MINISTRY||Council Governance & Service Delivery|ADOPTED
NCC-RES-0018|Audit Committee|2024-09-25|MINUTES OF THE PROCEEDINGS OF THE MEETING OF AUDIT COMMITTEE||Council Governance & Service Delivery|ADOPTED
NCC-RES-0019|Legal Services Committee|2024-10-01|MINUTES OF THE PROCEEDINGS OF THE MEETING OF LEGAL SERVICES|AND|Council Governance & Service Delivery|ADOPTED
NCC-RES-0020|Legal Services Committee|2024-10-01|MINUTES OF THE LEGAL||Council Governance & Service Delivery|ADOPTED
NCC-RES-0021|Legal Services Committee|2024-10-01|MINISTRATION COMMITTEE MEETING||Council Governance & Service Delivery|ADOPTED
NCC-RES-0022|Legal Services Committee|2024-10-01|MINUTE SUBJECT RESOLUTION ACTION TAKEN ACTION||Council Governance & Service Delivery|ADOPTED
NCC-RES-0023|Legal Services Committee|2024-10-01|MINUTE CURRENT STAND LOCATION PLOT TYPE AMOUNT||Council Governance & Service Delivery|ADOPTED
NCC-RES-0024|Legal Services Committee|2024-10-01|MINSUNDU-14957 374149/67/1 NCC0024485 DEVELOPED||Council Governance & Service Delivery|ADOPTED
NCC-RES-0025|Community Development Committee|2024-09-16|MINUTES OF THE PROCEEDINGS OF THE MEETING OF THE COMMUNITY||Council Governance & Service Delivery|ADOPTED
NCC-RES-0026|DDCC Quarterly|2025-07-22|MINUTES OF||Council Governance & Service Delivery|ADOPTED
NCC-RES-0027|DDCC Quarterly|2025-09-24|MINUTES OF||Council Governance & Service Delivery|ADOPTED
