project_id|project_name|project_description|sector|project_type|constituency|ward|zone|location|amount_allocated_zmw|approval_status|fiscal_year|justification_notes
NCC-CDF-PRJ-0001|CONSTRUCTION OF A 1*3 CLASSROOM BLOCK AT INGWE SCHOOL|CONSTRUCTION OF A 1*3 CLASSROOM BLOCK AT INGWE SCHOOL|EDUCATION|CONSTRUCTION|BWANA MKUBWAA|KAVU|NISSI|INGWE SCHOOL|1474545.46|APPROVED|2025|APPROVED
NCC-CDF-PRJ-0002|PROCUREMENT OF 500 DESKS|PROCUREMENT OF 500 DESKS|EDUCATION|PROCUREMENT|BWANA MKUBWAA|ALL WARDS|ALL ZONE|PROCUREMENT OF 500 DESKS|1000000.0|APPROVED|2025|APPROVED
NCC-CDF-PRJ-0003|CONSTRUCTION OF MATERNITY ANNEX AT KATONDO CLINIC|CONSTRUCTION OF MATERNITY ANNEX AT KATONDO CLINIC|HEALTH|CONSTRUCTION|BWANA MKUBWAA|MUNKU LUNGW E|SIMUNYOLA|AT KATONDO CLINIC|3486772.8|APPROVED|2025|APPROVED
NCC-CDF-PRJ-0004|CONSTRUCTION OF A MOTHER'S SHELTER AT MWANGE A CLINIC|CONSTRUCTION OF A MOTHER'S SHELTER AT MWANGE A CLINIC|HEALTH|CONSTRUCTION|BWANA MKUBWAA|KAVU|MWANGE A|MWANGE A CLINIC|201222.0|APPROVED|2025|APPROVED
NCC-CDF-PRJ-0005|PROCUREMENT OF FURNITURE FOR MATERNITY ANNEX AT TWASHUKA CLINIC|PROCUREMENT OF FURNITURE FOR MATERNITY ANNEX AT TWASHUKA CLINIC|HEALTH|PROCUREMENT|BWANA MKUBWAA|TWASH UKA|JACARANDA VILLA|AT TWASHUKA CLINIC|600000.0|APPROVED|2025|APPROVED
NCC-CDF-PRJ-0006|MAINTENANCE OF EQUIPMENT|MAINTENANCE OF EQUIPMENT|ROADS & CONSTRUCTI ON|PROCUREMENT|BWANA MKUBWAA|ALL WARDS|ALL ZONE|MAINTENANCE OF EQUIPMENT|862716.71|APPROVED|2025|APPROVED
NCC-CDF-PRJ-0007|CONSTRUCTION OF ITAWA POLICE POST TYPE 4|CONSTRUCTION OF ITAWA POLICE POST TYPE 4|SECURITY|CONSTRUCTION|BWANA MKUBWAA|ITAWA|ITAWA COMPLEX|ITAWA POLICE POST TYPE 4|2409818.02|APPROVED|2025|APPROVED
NCC-CDF-PRJ-0008|COMPLETION OF A POLICE STATION IN MUSHILI BONANO|COMPLETION OF A POLICE STATION IN MUSHILI BONANO|SECURITY|CONSTRUCTION|BWANA MKUBWAA|MUSHIL I|BONANO|MUSHILI BONANO|3000000.0|APPROVED|2025|APPROVED
NCC-CDF-PRJ-0009|TWASHUKA MARKET SHELTER|TWASHUKA MARKET SHELTER|SOCIAL|CONSTRUCTION|BWANA MKUBWAA|TWASH UKA|TWASHUKA|TWASHUKA MARKET SHELTER|1104280.54|APPROVED|2025|APPROVED
NCC-CDF-PRJ-0010|ABLUTION BLOCK AT MAIN KALOKO MARKET|ABLUTION BLOCK AT MAIN KALOKO MARKET|SOCIAL|CONSTRUCTION|BWANA MKUBWAA|TWASH UKA|NEW KALOKO|AT MAIN KALOKO MARKET|1000000.0|APPROVED|2025|APPROVED
NCC-CDF-PRJ-0011|CONSTRUCTION OF A MARKET SHEKTER AT HOPE CHICHELE|CONSTRUCTION OF A MARKET SHEKTER AT HOPE CHICHELE|SOCIAL|CONSTRUCTION|BWANA MKUBWAA|CHICHE LE|MWAPE|A MARKET SHEKTER AT HOPE CHICHELE|1104280.54|APPROVED|2025|APPROVED
NCC-CDF-PRJ-0012|CONSTRUCTION OF A CROSSING POINT IN DUM AREA KANTOLOMA|CONSTRUCTION OF A CROSSING POINT IN DUM AREA KANTOLOMA|SOCIAL|CONSTRUCTION|BWANA MKUBWAA|KANTO LOMBA|DUM AREA IN KANTOLOMBA|DUM AREA KANTOLOMA|238065.35|APPROVED|2025|APPROVED
NCC-CDF-PRJ-0013|CONSTRUCTION OF A BOUNDARY WALL FENCE AT KANTOLOMBA CLINIC|CONSTRUCTION OF A BOUNDARY WALL FENCE AT KANTOLOMBA CLINIC|HEALTH|CONSTRUCTION|BWANA MKUBWAA|KANTO LOMBA|NAKAPUTA|AT KANTOLOMBA CLINIC|334602.07|APPROVED|2025|APPROVED
NCC-CDF-PRJ-0014|COMPLETION OF ADDITIONAL WORKS AT HOPE & CHICHELE COMMUNITY SOLAR POWERED BOREHOLES|COMPLETION OF ADDITIONAL WORKS AT HOPE & CHICHELE COMMUNITY SOLAR POWERED BOREHOLES|SOCIAL|CONSTRUCTION|BWANA MKUBWAA|CHICHE LE|MWAPE|AT HOPE & CHICHELE COMMUNITY SOLAR POWERED BOREHOLES|157100.0|APPROVED|2025|APPROVED
NCC-CDF-PRJ-0015|REHABILITATION OF A BOREHOLE IN NDEKE NEAR WHITE HOUSE|REHABILITATION OF A BOREHOLE IN NDEKE NEAR WHITE HOUSE|SOCIAL|CONSTRUCTION|BWANA MKUBWAA|ITAWA|HELLEN KAUNDA|IN NDEKE NEAR WHITE HOUSE|227872.42|APPROVED|2025|APPROVED
NCC-CDF-PRJ-0016|REHABILITATION OF BOREHOLE IN NDEKE NEAR KALUKUNGU|REHABILITATION OF BOREHOLE IN NDEKE NEAR KALUKUNGU|SOCIAL|INSTALLATION|BWANA MKUBWAA|ITAWA|HELLEN KAUNDA|IN NDEKE NEAR KALUKUNGU|227872.42|APPROVED|2025|APPROVED
NCC-CDF-PRJ-0017|REHABILITATION OF BOREHOLE IN NDEKE NEAR WATCHTOWER CHURCH|REHABILITATION OF BOREHOLE IN NDEKE NEAR WATCHTOWER CHURCH|SOCIAL|INSTALLATION|BWANA MKUBWAA|ITAWA|CHIPATA|IN NDEKE NEAR WATCHTOWER CHURCH|227872.42|APPROVED|2025|APPROVED
NCC-CDF-PRJ-0018|INSTALLATION OF STREET LIGHTS|SGC TO KAWAMA MARKET STREET LIGHTING PROJECT - 1400 METERS|SECURITY|SECURITY|CHIFUBU|KAWAM A|KADANSA|SGC TO KAWAMA MARKET STREET LIGHTING PROJECT - 1400 METERS|1299296.25|APPROVED|2025|APPROVED
NCC-CDF-PRJ-0019|INSTALLATION OF STREET LIGHTS|LUAPULA RD STREET LIGHTING PROJECT - 1400 METERS|SECURITY|SECURITY|CHIFUBU|KAWAM A|KADANSA|LUAPULA RD STREET LIGHTING PROJECT - 1400 METERS|1299296.25|APPROVED|2025|APPROVED
NCC-CDF-PRJ-0020|INSTALLATION OF STREET LIGHTS|KAWAMA / MANGO / MULEYA ROUTE STREET LIGHTING PROJECT - 2500 METERS|SECURITY|SECURITY|CHIFUBU|KAWAM A|KADANSA|KAWAMA / MANGO / MULEYA ROUTE STREET LIGHTING PROJECT - 2500 METERS|2251723.95|APPROVED|2025|APPROVED
NCC-CDF-PRJ-0021|INSTALLATION OF STREET LIGHTS|INSTALLATION OF STREET LIGHTS|SECURITY|SECURITY|CHIFUBU|ALL WARDS|MANGO|FROM VILLAR JUNCTION TO SGC (3110 METERS)|2792632.5|APPROVED|2025|APPROVED
NCC-CDF-PRJ-0022|CONSTRUCTION OF BOUNDARY FENCES|CONSTRUCTION OF BOUNDARY FENCES|SECURITY|CONSTRUCTION|CHIFUBU|KANYA NJE|KANYANJE 1|KANYANJE CLINIC|714388.63|APPROVED|2025|APPROVED
NCC-CDF-PRJ-0023|CONSTRUCTION OF BOUNDARY FENCES|CONSTRUCTION OF BOUNDARY FENCES|CONSTRUCTI ON|CONSTRUCTION|CHIFUBU|CHIFUB U|CHIFUBU|MUTAMBALA CLINIC|824354.02|APPROVED|2025|APPROVED
NCC-CDF-PRJ-0024|CONSTRUCTION OF BOUNDARY FENCES|CONSTRUCTION OF BOUNDARY FENCES|CONSTRUCTI ON|CONSTRUCTION|CHIFUBU|PAMOD ZI|CHILYAMITON DO|TWATASHA CLINIC|841254.51|APPROVED|2025|APPROVED
NCC-CDF-PRJ-0025|CONSTRUCTION OF MARKET SHELTER AND ABLUTION BLOCK|CONSTRUCTION OF MARKET SHELTER|SOCIAL|CONSTRUCTION|CHIFUBU|KANYA NJE|KANYANJE 1|KANYANJE|1881106.75|APPROVED|2025|APPROVED
NCC-CDF-PRJ-0026|CONSTRUCTION OF REGISTRATION OFFICE|CONSTRUCTION OF REGISTRATION OFFICE|SECURITY|CONSTRUCTION|CHIFUBU|FIBOBE|FIBUSA|CHIFUBU MARKET|2054214.7|APPROVED|2025|APPROVED
NCC-CDF-PRJ-0027|CONSTRUCTION OF MITENGO CLINIC AND MATERNITY|CONSTRUCTION OF MITENGO CLINIC|HEALTH|CONSTRUCTION|CHIFUBU|KANIKI|MITENGO|MITENGO POLICE|3221082.89|APPROVED|2025|APPROVED
NCC-CDF-PRJ-0028|KAWAMA ABLUTION BLOCK|REHABILITATION|HEALTH|CONSTRUCTION|CHIFUBU|KAWAM A|NYANJI|KAWAMA MARKET|800000.0|APPROVED|2025|APPROVED
NCC-CDF-PRJ-0029|CONSTRUCTION OF A 1 X3 CLASSROOM|CONSTRUCTION OF A 1 X3 CLASSROOM|MASALA SKILL|SC OTNRASTINRIUNCGT CIOENN|TKRAEBUSHI|MASALA|MPOFU 2|MASALA SKILLS TRAINING CENTRE|1.0|APPROVED|2025|APPROVED
NCC-CDF-PRJ-0030|CONSTRUCTION OF A WALL FENCE|CONSTRUCTION OF A WALL FENCE|MILEMU|CONSTRUCTION|KABUSHI|KAFUBU|KAMANA 3|MILEMU|820000.0|APPROVED|2025|APPROVED
NCC-CDF-PRJ-0031|PAVING OF REFERENDUM ROAD|PAVING OF REFERENDUM ROAD|LUBUTO|CONSTRUCTION|KABUSHI|LUBUTO|SAMFYA 1|LUBUTO|2.0|APPROVED|2025|APPROVED
NCC-CDF-PRJ-0032|ABLUTION BLOCK AT KABUSHI MARKET|ABLUTION BLOCK AT KABUSHI MARKET|KABUSHI MAR|KCEOTNSTRUCTION|KABUSHI|KABUSH|IMUPEZENI 1|KABUSHI MARKET|1.0|APPROVED|2025|APPROVED
NCC-CDF-PRJ-0033|STREET LIGHTING IN LUNDAZI ROAD|STREET LIGHTING IN LUNDAZI ROAD|LUNDAZI ROA|DINSTALLATION|KABUSHI|KALOKO|CHIMWEMWE|LUNDAZI ROAD|800000.0|APPROVED|2025|APPROVED
NCC-CDF-PRJ-0034|PAVING OF CHIPANDE ROAD|PAVING OF CHIPANDE ROAD|NGWEE ROAD|CONSTRUCTION|KABUSHI|MUKUBA|KARIBA 1|NGWEE ROAD|2.0|APPROVED|2025|APPROVED
NCC-CDF-PRJ-0035|CONSTRUCTION OF MATERNITY WING AT MASALA CLINIC|CONSTRUCTION OF MATERNITY WING AT MASALA CLINIC|WITHING SKYW|CAOYNSSTRUCTION|KABUSHI|SKYWAY|SCHAMBESHI 2|WITHING SKYWAYS|3.0|APPROVED|2025|APPROVED
NCC-CDF-PRJ-0036|CONSTRUCTION OF LUBUTO MARKET|CONSTRUCTION OF LUBUTO MARKET|WITHING SKYW|CAOYNSSTRUCTION|KABUSHI|LUBUTO|TWALUBUKA 1|WITHING SKYWAYS|3.0|APPROVED|2025|APPROVED
NCC-CDF-PRJ-0037|REPAIR OF FRONT-END LOADER, SERVICING OF EARTH MOVING EQUIPMENT|REPAIR OF FRONT-END LOADER, SERVICING OF EARTH MOVING EQUIPMENT|ALL WARDS|PROCUREMENT|KABUSHI|ALL||ALL WARDS|1.0|APPROVED|2025|APPROVED
NCC-CDF-PRJ-0038|PROCUREMENT OF DESKS|PROCUREMENT OF DESKS|EDUCATION|PROCUREMENT|NDOLA CENTRAL||ALL WARDS|ALL WARDS|1600000.0|APPROVED|2025|APPROVED
NCC-CDF-PRJ-0039|COMPLETION OF A MOTHER / CHILDREN SHELTER AT PETER SINGOGO CLINIC|CONSTRUCTION OF MOTHER CHILREN'S SHELTER AT PETER SINGOGO CLINIC|HEALTH|CONSTRUCTION|NDOLA CENTRAL|KANINI|PETER SINGOGO POLICE CLINC|PETER SINGOGO POLICE CLINC|250000.0|APPROVED|2025|APPROVED
NCC-CDF-PRJ-0040|CONSTRUCTION OF A BRIDGE|CONSTRUCTION OF A BRIDGE|INFRASTRUCT URE|CONSTRUCTION|NDOLA CENTRAL|KANINI|KANINI|KANINI BEHIND THE STADIUM|1500000.0|APPROVED|2025|APPROVED
NCC-CDF-PRJ-0041|PAVING OF ROADS; TAFUNA,|PAVING OF ROADS; TAFUNA,|INFRASTRUCT URE|REHABILITATIO N|NDOLA CENTRAL|KANSEN SHI|TAFUNA,|TAFUNA NEAR KANSENSHI|1200000.0|APPROVED|2025|APPROVED
NCC-CDF-PRJ-0042|PURCHASE OF COMPUTERS FOR KANSENSHI SECONDARY SCHOOL|PROCUREMENT OF COMPUTERS|EDUCATION|PROCUREMENT|NDOLA CENTRAL|KANSEN SHI|KANSENSHI SECONDARY SCHOOL|KANSENSHI SECONDARY SCHOOL|300000.0|APPROVED|2025|APPROVED
NCC-CDF-PRJ-0043|CONSTRUCTION OF 1X3 CLASSROOM BLOCK AT DOLA HILL|CONSTRUCTION OF 1X3 CLASSROOM BLOCK|EDUCATION|CONSTRUCTION|NDOLA CENTRAL|DAG|DAG|AT DOLA HILL PRIM. SCH.|1600000.0|APPROVED|2025|APPROVED
NCC-CDF-PRJ-0044|WATER RETICULATION AT RIVERSIDE 2 3KM|WATER RETICULATION AT RIVERSIDE 2|WATER AND SANITATION|INSTALLATION|NDOLA CENTRAL|DAG|RIVERSIDE|RIVERSIDE|600000.0|APPROVED|2025|APPROVED
NCC-CDF-PRJ-0045|CONSTRUCTION OF A 4KM ROAD NETWORK|CONSTRUCTION OF A 4KM ROAD NETWORK|INFRASTRUCT URE|CONSTRUCTION|NDOLA CENTRAL|NKWAZI|NKWAZI KAUTA ROAD|NKWAZI KAUTA ROAD|2000000.0|APPROVED|2025|APPROVED
NCC-CDF-PRJ-0046|CONSTRUCTION OF PUBLIC TOILETS AT ARTHUR DAVISON CHILDRENS HOSPITAL|CONSTRUCTION OF PUBLIC TOILETS AT ARTHUR DAVISON CHILDRENS HOSPITAL|WATER AND SANITATION|CONSTRUCTION|NDOLA CENTRAL|YENGW E|ARTHUR DAVISON CHILDRENS HOSPITAL|ARTHUR DAVISON CHILDRENS HOSPITAL|1500000.0|APPROVED|2025|APPROVED
NCC-CDF-PRJ-0047|PAVING OF ROADS; KAMPALA (Phase 2)|PAVING OF KAMPALA ROAD|INFRASTRUCT URE|CONSTRUCTION|NDOLA CENTRAL|YENGW E|KAMPALA|KAMPALA ROAD|1200000.0|APPROVED|2025|APPROVED
NCC-CDF-PRJ-0048|CONSTRUCTION OF PUBLIC TOILETS AT MAPALO POLICE POST/LOCAL COURT|CONSTRUCTION OF PUBLIC TOILETS AT MAPALO POLICE POST/LOCAL COURT|WATER AND SANITATION|CONSTRUCTION|NDOLA CENTRAL|MAPAL O|MAPALO POLICE /COURT AREA|MAPALO POLICE /COURT AREA|1100000.0|APPROVED|2025|APPROVED
NCC-CDF-PRJ-0049|CONSTRUCTION OF A PLACENTA PIT AT MAPALO CLINIC|CONSTRUCTION OF A PLACENTA PIT AT MAPALO CLINIC|HEALTH|CONSTRUCTION|NDOLA CENTRAL|MAPAL O|MAPALO CLINIC|MAPALO CLINIC|48000.0|APPROVED|2025|APPROVED
NCC-CDF-PRJ-0050|WATER RETICULATION 6KM|WATER RETICULATION IN MAPALO|WATER AND SANITATION|INSTALLATION|NDOLA CENTRAL|MAPAL O|MAPALO|MAPALO|600000.0|APPROVED|2025|APPROVED
NCC-CDF-PRJ-0051|GRADING AND GRAVELLING OF ROADS IN TWAPIA 8KM|GRADING AND GRAVELLING OF ROADS IN TWAPIA|INFRASTRUCT URE|CONTRUCTION|NDOLA CENTRAL|TWAPIA|TWAPIA|TWAPIA|3000000.0|APPROVED|2025|APPROVED
NCC-CDF-PRJ-0052|COMPLETION OF A 1x3 CLASSROOM BLOCK AT TWAPIA PRIMARY SCHOOL|COMPLETION OF A 1x3 CLASSROOM BLOCK AT TWAPIA PRIMARY SCHOOL|INFRASTRUCT URE|CONSTRUCTION|NDOLA CENTRAL|TWAPIA|TWAPIA|TWAPIA|1150000.0|APPROVED|2025|APPROVED
NCC-CDF-PRJ-0053|Procurement of Desks|Procurement of Desks|EDUCATION|PROCUREMENT|BWANA MKUBWAA|All Wards in Bwana Mkubwa|Selected Zones|All Wards in Bwana Mkubwa|1000000.0|APPROVED|2024|Approved
NCC-CDF-PRJ-0054|Construction of a Parliamentary Office|Construction of a Parliamentary Office|CONSTRUCTION|CONSTRUCTION|BWANA MKUBWAA|All Wards in Bwana Mkubwa|Selected Zones|All Wards in Bwana Mkubwa|2000000.0|APPROVED|2024|Approved
NCC-CDF-PRJ-0055|Construction of a 1*3 Classroom Block at Mabungula|Construction of a 1*3 Classroom Block at Mabungula|EDUCATION|CONSTRUCTION|BWANA MKUBWAA|Chichele|Mwenye|Chichele|1446322.5|APPROVED|2024|Approved
NCC-CDF-PRJ-0056|Construction of a Police Post Type 4 at Itawa Flats|Construction of a Police Post Type 4 at Itawa Flats|SECURITY|CONSTRUCTION|BWANA MKUBWAA|Itawa|Ndeke|Itawa|1248672.28|APPROVED|2024|Approved
NCC-CDF-PRJ-0057|Paving of Ngwenya Road|Paving of Ngwenya Road|ROADS & CONSTRUCTION|CONSTRUCTION|BWANA MKUBWAA|Itawa|Ndeke|Itawa|710000.0|APPROVED|2024|Approved
NCC-CDF-PRJ-0058|Electrification of Kafubu East Dam Under Rural Electrification Authority|Electrification of Kafubu East Dam Under Rural Electrification Authority|ENERGY|INSTALLATION|BWANA MKUBWAA|Kantolomba|Nakaputa|Kantolomba|850000.0|APPROVED|2024|Approved
NCC-CDF-PRJ-0059|Renovation and Electrification of Market Shelter at Zambia Compound|Renovation and Electrification of Market Shelter at Zambia Compound|ENERGY|INSTALLATION|BWANA MKUBWAA|Kavu|Kang’onga|Kavu|350000.0|APPROVED|2024|Approved
NCC-CDF-PRJ-0060|Procurement of Furniture for Kavu Community Hall|Procurement of Furniture for Kavu Community Hall|CONSTRUCTION|PROCUREMENT|BWANA MKUBWAA|Kavu|Kang’onga|Kavu|265000.0|APPROVED|2024|Approved
NCC-CDF-PRJ-0061|Water Reticulation in Kavu|Water Reticulation in Kavu|WATER & SANITATION|INSTALLATION|BWANA MKUBWAA|Kavu|Kang’onga|Kavu|2150000.0|APPROVED|2024|Approved
NCC-CDF-PRJ-0062|Construction of Ablution Block at Chichele Market|Construction of Ablution Block at Chichele Market|WATER & SANITATION|CONSTRUCTION|BWANA MKUBWAA|Lupili|Kansengu|Lupili|972882.91|APPROVED|2024|Approved
NCC-CDF-PRJ-0063|Construction of a 1*3 Classroom Block in Sunga Bukanda|Construction of a 1*3 Classroom Block in Sunga Bukanda|EDUCATION|CONSTRUCTION|BWANA MKUBWAA|Munkulungwe|Sunga Bukanda|Munkulungwe|1446322.5|APPROVED|2024|Approved
NCC-CDF-PRJ-0064|Water Reticulation in Munkulungwe|Water Reticulation in Munkulungwe|WATER & SANITATION|INSTALLATION|BWANA MKUBWAA|Munkulungwe|Sunga Bukanda|Munkulungwe|2150000.0|APPROVED|2024|Approved
NCC-CDF-PRJ-0065|Construction of a Police Station in Mushili Bonano|Construction of a Police Station in Mushili Bonano|SECURITY|CONSTRUCTION|BWANA MKUBWAA|Mushili|Mushili 3|Mushili|2000000.0|APPROVED|2024|Approved
NCC-CDF-PRJ-0066|Purchase of an Ambulance|Purchase of an Ambulance|HEALTH|PROCUREMENT|CHIFUBU|All Wards|Selected Zones|All Wards|2700000.0|APPROVED|2024|Approved
NCC-CDF-PRJ-0067|Procurement of 01 (one) tipper truck|Procurement of 01 (one) tipper truck|PROCUREMENT|PROCUREMENT|CHIFUBU|All Wards|Selected Zones|All Wards|2321800.0|APPROVED|2024|Approved
NCC-CDF-PRJ-0068|Procurement of a grader|Procurement of a grader|PROCUREMENT|PROCUREMENT|CHIFUBU|All Wards|Selected Zones|All Wards|3317600.0|APPROVED|2024|Approved
NCC-CDF-PRJ-0069|Procurement of 1 (one) TLB|Procurement of 1 (one) TLB|PROCUREMENT|PROCUREMENT|CHIFUBU|All Wards|Selected Zones|All Wards|2000000.0|APPROVED|2024|Approved
NCC-CDF-PRJ-0070|Purchase of Fuel, Lubricant and Spares for earth-moving equipment|Purchase of Fuel, Lubricant and Spares for earth-moving equipment|PROCUREMENT|PROCUREMENT|CHIFUBU|All Wards|Selected Zones|All Wards|870000.0|APPROVED|2024|Approved
NCC-CDF-PRJ-0071|Contribution towards Paving at Ndola Teaching Hospital|Contribution towards Paving at Ndola Teaching Hospital|ROADS & CONSTRUCTION|CONSTRUCTION|CHIFUBU|All Wards|Selected Zones|All Wards|300000.0|APPROVED|2024|Approved
NCC-CDF-PRJ-0072|Paving of Chisankano Road|Paving of Chisankano Road|ROADS & CONSTRUCTION|CONSTRUCTION|CHIFUBU|Fibobe|Mukobeko|Fibobe|2400000.0|APPROVED|2024|Approved
NCC-CDF-PRJ-0073|Construction of holding cells at local court and painting of old local court|Construction of holding cells at local court and painting of old local court|SECURITY|CONSTRUCTION|CHIFUBU|Fibobe|Mango|Fibobe|350000.0|APPROVED|2024|Approved
NCC-CDF-PRJ-0074|Construction of concrete tables in a Market Shelter|Construction of concrete tables in a Market Shelter|CONSTRUCTION|CONSTRUCTION|CHIFUBU|Kamba|Muleya|Kamba|350000.0|APPROVED|2024|Approved
NCC-CDF-PRJ-0075|Construction of Mitengo Police Post|Construction of Mitengo Police Post|SECURITY|CONSTRUCTION|CHIFUBU|Kaniki|Mitengo|Kaniki|221760.85|APPROVED|2024|Approved
NCC-CDF-PRJ-0076|Construction of a 1 x 3 classroom block at Intulo Combined school|Construction of a 1 x 3 classroom block at Intulo Combined school|EDUCATION|CONSTRUCTION|CHIFUBU|Kawama|Kadansa|Kawama|446322.5|APPROVED|2024|Approved
NCC-CDF-PRJ-0077|Construction of Chimbotela Clinic|Construction of Chimbotela Clinic|HEALTH|CONSTRUCTION|CHIFUBU|Pamodzi|Kalela|Pamodzi|1306412.94|APPROVED|2024|Approved
NCC-CDF-PRJ-0078|Purchase of tents|Purchase of tents|PROCUREMENT|PROCUREMENT|KABUSHI|All Wards|Selected Zones|All Wards|1280000.0|APPROVED|2024|Approved
NCC-CDF-PRJ-0079|Spot gravelling and grading of roads|Spot gravelling and grading of roads|ROADS & CONSTRUCTION|CONSTRUCTION|KABUSHI|All Wards|Selected Zones|All Wards|2400000.0|APPROVED|2024|Approved
NCC-CDF-PRJ-0080|Purchase of Lubricants and Spares for earth-Moving Equipment|Purchase of Lubricants and Spares for earth-Moving Equipment|PROCUREMENT|PROCUREMENT|KABUSHI|All Wards|Selected Zones|All Wards|600000.0|APPROVED|2024|Approved
NCC-CDF-PRJ-0081|Purchase of Desks (225)|Purchase of Desks (225)|EDUCATION|PROCUREMENT|KABUSHI|All Wards|Selected Zones|All Wards|409200.12|APPROVED|2024|Approved
NCC-CDF-PRJ-0082|Purchase of Ambulance|Purchase of Ambulance|HEALTH|PROCUREMENT|KABUSHI|All Wards|Selected Zones|All Wards|2700000.0|APPROVED|2024|Approved
NCC-CDF-PRJ-0083|Street Light|Street Light|SECURITY|INSTALLATION|KABUSHI|Lubuto|Kambeba 1|Lubuto|1200000.0|APPROVED|2024|Approved
NCC-CDF-PRJ-0084|Rehabilitation of Clinic|Rehabilitation of Clinic|HEALTH|CONSTRUCTION|KABUSHI|Masala|Matete|Masala|1000000.0|APPROVED|2024|Approved
NCC-CDF-PRJ-0085|Water Reticulation|Water Reticulation|WATER & SANITATION|INSTALLATION|KABUSHI|Selected wards|Selected Zones|Selected wards|7000000.0|APPROVED|2024|Approved
NCC-CDF-PRJ-0086|Procurement Of An Ambulance|Procurement Of An Ambulance|HEALTH|PROCUREMENT|NDOLA CENTRAL|All Ward In Kabushi|Selected Zones|All Ward In Kabushi|2700000.0|APPROVED|2024|Approved
NCC-CDF-PRJ-0087|Procurement Of Desks|Procurement Of Desks|EDUCATION|PROCUREMENT|NDOLA CENTRAL|All Wards In|Selected Zones|All Wards In|2000000.0|APPROVED|2024|Approved
NCC-CDF-PRJ-0088|Procurement Of Earth Moving Equipment - Grader|Procurement Of Earth Moving Equipment - Grader|PROCUREMENT|PROCUREMENT|NDOLA CENTRAL|All Wards In Kabushi|Selected Zones|All Wards In Kabushi|3255000.0|APPROVED|2024|Approved
NCC-CDF-PRJ-0089|Servicing Of Earth Moving Equipment And Fuel For Road Works|Servicing Of Earth Moving Equipment And Fuel For Road Works|ROADS & CONSTRUCTION|MAINTENANCE|NDOLA CENTRAL|All Wards In Kabushi|Selected Zones|All Wards In Kabushi|700000.0|APPROVED|2024|Approved
NCC-CDF-PRJ-0090|Construction Of A Maternity Wing Complete With Placenta Pit And Furniture|Construction Of A Maternity Wing Complete With Placenta Pit And Furniture|HEALTH|CONSTRUCTION|NDOLA CENTRAL|Dag|Chipolopolo|Dag|1500000.0|APPROVED|2024|Approved
NCC-CDF-PRJ-0091|Construction Of A Market|Construction Of A Market|CONSTRUCTION|CONSTRUCTION|NDOLA CENTRAL|Kanini|Kanini 1|Kanini|1500000.0|APPROVED|2024|Approved
NCC-CDF-PRJ-0092|Completion Of 1X3 Classroom Block|Completion Of 1X3 Classroom Block|EDUCATION|CONSTRUCTION|NDOLA CENTRAL|Kansenshi|Kansenshi 1|Kansenshi|1020000.0|APPROVED|2024|Approved
NCC-CDF-PRJ-0093|Water Reticulation|Water Reticulation|WATER & SANITATION|INSTALLATION|NDOLA CENTRAL|Mapalo|Kashibo|Mapalo|360000.0|APPROVED|2024|Approved
NCC-CDF-PRJ-0094|Road Gravelling & Drainages|Road Gravelling & Drainages|ROADS & CONSTRUCTION|CONSTRUCTION|NDOLA CENTRAL|Mapalo|Kashibo|Mapalo|800000.0|APPROVED|2024|Approved
NCC-CDF-PRJ-0095|Rehabilitaion Of Maternity Wing|Rehabilitaion Of Maternity Wing|HEALTH|CONSTRUCTION|NDOLA CENTRAL|Nkwazi|Chisokone|Nkwazi|820000.0|APPROVED|2024|Approved
NCC-CDF-PRJ-0096|Road Maintenance|Road Maintenance|ROADS & CONSTRUCTION|CONSTRUCTION|NDOLA CENTRAL|Twapia|Twapia Extension|Twapia|800000.0|APPROVED|2024|Approved
NCC-CDF-PRJ-0097|Rehabilitation & Installation Of Drainages & Culverts|Rehabilitation & Installation Of Drainages & Culverts|ROADS & CONSTRUCTION|CONSTRUCTION|NDOLA CENTRAL|Yengwe|Chintu|Yengwe|504000.0|APPROVED|2024|Approved
NCC-CDF-PRJ-0098|Construction Of An Ablution Block|Construction Of An Ablution Block|WATER & SANITATION|CONSTRUCTION|NDOLA CENTRAL|Yengwe|Lewanika|Yengwe|630000.0|APPROVED|2024|Approved
NCC-CDF-PRJ-0099|CONSTRUCTION OF A CLINIC AT WATER WORKS|CONSTRUCTION OF A CLINIC AT WATER WORKS|HEALTH|CONSTRUCTION|BWANA MKUBWAA|CHICHELE|HELLEN KAUNDA|CHICHELE|0.0|DISAPPROVED|2025|DUE TO INSUFFICIENT FUNDS
NCC-CDF-PRJ-0100|GRAVELLING AND COMPACTING OF VARIOUS ROAD IN LUPILI|GRAVELLING AND COMPACTING OF VARIOUS ROAD IN LUPILI|TRANSPORT|CONSTRUCTION|BWANA MKUBWAA|LUPILI|MWANGE A|LUPILI|0.0|DISAPPROVED|2025|DUE TO INSUFFICIENT FUNDS
NCC-CDF-PRJ-0101|GRAVELLING AND COMPACTING OF VARIOUS ROADS IN CHICHELE WARD|GRAVELLING AND COMPACTING OF VARIOUS ROADS IN CHICHELE WARD|TRANSPORT|CONSTRUCTION|BWANA MKUBWAA|CHICHELE|MWENYA|CHICHELE|0.0|DISAPPROVED|2025|DUE TO INSUFFICIENT FUNDS
NCC-CDF-PRJ-0102|DRILLING OF INDUSTRIAL BOREHOLE IN NDEKE OVERSPILL|DRILLING OF INDUSTRIAL BOREHOLE IN NDEKE OVERSPILL|SOCIAL|INSTALLATION|BWANA MKUBWAA|ITAWA|CHIMBOTELA|NDEKE OVERSPILL ITAWA|0.0|DISAPPROVED|2025|DUE TO INSUFFICIENT FUNDS
NCC-CDF-PRJ-0103|REHABILITATION OF BOREHOLE IN NDEKE NEAR KALUKUNGU|REHABILITATION OF BOREHOLE IN NDEKE NEAR KALUKUNGU|SOCIAL|INSTALLATION|BWANA MKUBWAA|ITAWA|CHIBANSA|NDEKE NEAR KALUKUNGU|0.0|DISAPPROVED|2025|DUE TO INSUFFICIENT FUNDS
NCC-CDF-PRJ-0104|DRILLING OF SOLAR POWERED BOREHOLE AT DZIKOMO PRIMARY SCHOOL|DRILLING OF SOLAR POWERED BOREHOLE AT DZIKOMO PRIMARY SCHOOL|SOCIAL|INSTALLATION|BWANA MKUBWAA|ITAWA|CHIBANSA|DZIKOMO PRIMARY SCHOOL|0.0|DISAPPROVED|2025|DUE TO INSUFFICIENT FUNDS
NCC-CDF-PRJ-0105|UP GRADING OF WATER RETICULATION (SOLAR POWERED BOREHOLE) IN ITAWA EXTENSION|UP GRADING OF WATER RETICULATION (SOLAR POWERED BOREHOLE) IN ITAWA EXTENSION|SOCIAL|INSTALLATION|BWANA MKUBWAA|ITAWA|CHIMBOTELA|ITAWA EXTENSION|0.0|DISAPPROVED|2025|DUE TO INSUFFICIENT FUNDS
NCC-CDF-PRJ-0106|CONSTRUCTION OF A CLINIC|CONSTRUCTION OF A CLINIC|HEALTH|CONSTRUCTION|BWANA MKUBWAA|KANTOLO MBA|NAKAPUTA|KANTOLOMBA|0.0|DISAPPROVED|2025|DUE TO INSUFFICIENT FUNDS
NCC-CDF-PRJ-0107|CONSTRUCTION OF A BUS STOP SHELTER|CONSTRUCTION OF A BUS STOP SHELTER|TRANSPORT|CONSTRUCTION|BWANA MKUBWAA|LUPILI|LUBWA|LUPILI|0.0|DISAPPROVED|2025|DUE TO INSUFFICIENT FUNDS
NCC-CDF-PRJ-0108|CONSTRUCTION OF A POLICE POST AT KATONDO|CONSTRUCTION OF A POLICE POST AT KATONDO|SECURITY|CONSTRUCTION|BWANA MKUBWAA|MUNKULU NGWE|SITIMA|AT KATONDO|0.0|DISAPPROVED|2025|DUE TO INSUFFICIENT FUNDS
NCC-CDF-PRJ-0109|WATER RETICULATION UNDER KAFUBU|WATER RETICULATION UNDER KAFUBU|SOCIAL|INSTALLATION|BWANA MKUBWAA|MUSHILI|MUSHILI|MUSHILI|0.0|DISAPPROVED|2025|DUE TO INSUFFICIENT FUNDS
NCC-CDF-PRJ-0110|GRAVELLING AND COMPACTING OF VARIOUS ROAD IN TWASHUKA|GRAVELLING AND COMPACTING OF VARIOUS ROAD IN TWASHUKA|TRANSPORT|CONSTRUCTION|BWANA MKUBWAA|TWASHUK A|NEW KALOKO|VARIOUS ROAD IN TWASHUKA|0.0|DISAPPROVED|2025|DUE TO INSUFFICIENT FUNDS
NCC-CDF-PRJ-0111|INSTALLATION OF STREET LIGHTS|FROM SGC THROUGH KAWAMA MARKET, PINEGROOVE MARKET, LEVEL 1 HOSPITAL TO LUAPULA JUNCTION|SECURITY|SECURITY|CHIFUBU|KAWAMA|KADANSA|SGC TO PINE GROOVE MARKET STREET LIGHTING PROJECT - 3200 METERS|0.0|DISAPPROVED|2025|DUE TO INSUFFICIENT FUNDS
NCC-CDF-PRJ-0112|CONSTRUCTION OF CHIMBOTELA CLINIC|CONSTRUCTION OF CLINIC|HEALTH|CONSTRUCTION|CHIFUBU|PAMODZI|SATHYA SAI|PROPOSE TO BE MOVED TO SATHIA SAI|0.0|DISAPPROVED|2025|DUE TO INSUFFICIENT FUNDS
NCC-CDF-PRJ-0113|PROCUREMENT OF 20,000LTRS WATER BOWSER -F3000|PROCUREMENT OF WATER BOWSER|TRANSPORT|PROCUREMENT|CHIFUBU|ALL WARDS|ALL ZONES|ALL WARDS|0.0|DISAPPROVED|2025|DUE TO INSUFFICIENT FUNDS
NCC-CDF-PRJ-0114|PROCUREMENT OF A 20TONE ROLLER COMPACTOR -RS2800H|PROCUREMENT OF A ROLLER COMPACTOR|TRANSPORT|PROCUREMENT|CHIFUBU|ALL WARDS|ALL ZONES|ALL WARDS|0.0|DISAPPROVED|2025|DUE TO INSUFFICIENT FUNDS
NCC-CDF-PRJ-0115|CONSTRUCTION OF BOUNDARY FENCES|CONSTRUCTION OF BOUNDARY FENCES|CONSTRUCTION|CONSTRUCTION|CHIFUBU|KANIKI|MITENGO|SITE FOR MITENGO CLINIC|0.0|DISAPPROVED|2025|DUE TO INSUFFICIENT FUNDS
NCC-CDF-PRJ-0116|CONSTRUCTION OF AN ABLUTION BLOCK|CONSTRUCTION OF AN ABLUTION BLOCK|HEALTH|CONSTRUCTION|CHIFUBU|KANYANJE|KANYANJE 1|KANYANJE|0.0|DISAPPROVED|2025|DUE TO INSUFFICIENT FUNDS
NCC-CDF-PRJ-0117|CONSTRUCTION OF MITENGO CLINIC AND MATERNITY|CONSTRUCTION OF MITENGO MATERNITY BLOCK|HEALTH|CONSTRUCTION|CHIFUBU|KANIKI|MITENGO|MITENGO POLICE|0.0|DISAPPROVED|2025|DUE TO INSUFFICIENT FUNDS
NCC-CDF-PRJ-0118|CONSTRUCTION OF DRAINAGES|CONSTRUCTION OF DRAINAGES (4,000,000.00 - FULL SCOPE)|CONSTRUCTION|CONSTRUCTION|CHIFUBU|CHIFUBU|NAKAINDI|FROM BUNTUNGWA POLICE TO CHIFUBU LOCAL COURT|0.0|DISAPPROVED|2025|DUE TO INSUFFICIENT FUNDS
NCC-CDF-PRJ-0119|CONSTRUCTION OF DRAINAGES|CONSTRUCTION OF DRAINAGES (4,000,000.00 - FULL SCOPE)|CONSTRUCTION|CONSTRUCTION|CHIFUBU|CHIFUBU|NAKAINDI|FROM CHIPOLOPOLO TO UCZ CHURCH|0.0|DISAPPROVED|2025|DUE TO INSUFFICIENT FUNDS
NCC-CDF-PRJ-0120|WATER RETICULATION AND SANITATION (14,082,615.5 - FULL SCOPE)|WATER RETICULATION AND SANITATION|WATER & SANITATION|WATER & SANITATION|CHIFUBU|KAMBA|MULEYA|SELECTED AREAS IN KAMBA (PHASE 1)|0.0|DISAPPROVED|2025|NOT APPROVED INSUFFIENT FUNDS - THE PROJECT REQUIRED HUGE AMOUNTS HENCE CALLED FOR PARTICIPATION WITH OTHER STAKE HOLDERS FOR FUNDIN
NCC-CDF-PRJ-0121|CONSTRUCTION OF CONCRETE DRAINAGE FROM KAFUBU INN TO SIFA LODGE|CONSTRUCTION OF CONCRETE DRAINAGE FROM KAFUBU INN TO SIFA LODGE|ROADS|CONSTRUCTION|KABUSHI|KAFUBU|KAMANA 1|KAFUBU INN TO SIFA LODGE|0.0|DISAPPROVED|2025|NOT APPROVED DUE TO INSUFFICIENT FUNDS
NCC-CDF-PRJ-0122|UNBLOCKING OF DRAINAGES IN CHINESE COMPLEX|UNBLOCKING OF DRAINAGES IN CHINESE COMPLEX|ROADS|CONSTRUCTION|KABUSHI|KAFUBU|KAMANA 2|CHINESE COMPLEX|0.0|DISAPPROVED|2025|NOT APPROVED DUE TO INSUFFICIENT FUNDS
NCC-CDF-PRJ-0123|RENOVATION OF BASKETBALL PITCH AND THE SURROUNDING|RENOVATION OF BASKETBALL PITCH AND THE SURROUNDING|SPORTS AND RECR|ECAOTINOSNTRUCTION|KABUSHI|KAFUBU|KAMANA 3|MUSA KASONKA STADIUM|0.0|DISAPPROVED|2025|NOT APPROVED DUE TO INSUFFICIENT FUNDS
NCC-CDF-PRJ-0124|EXPANSION OF LOCAL COURT|EXPANSION OF LOCAL COURT|JUDICIARY|CONSTRUCTION|KABUSHI|KAFUBU|KAWAMBWA 1|KAFUBU WARD|0.0|DISAPPROVED|2025|NOT APPROVED DUE TO INSUFFICIENT FUNDS
NCC-CDF-PRJ-0125|CONSTRUCTION OF 1X3 CLASSROOM BLOCK|CONSTRUCTION OF 1X3 CLASSROOM BLOCK|EDUCATION|CONSTRUCTION|KABUSHI|KAFUBU|KAWAMBWA 2|SIMON MWANSA KAPWEPWE SCHOOL|0.0|DISAPPROVED|2025|NOT APPROVED DUE TO INSUFFICIENT FUNDS
NCC-CDF-PRJ-0126|CONSTRUCTION OF ABLUTION BLOCK FOR THE ENTIRE WARD|CONSTRUCTION OF ABLUTION BLOCK FOR THE ENTIRE WARD|WATER AND SANIT|ACTOIONNSTRUCTION|KABUSHI|KAFUBU|NGWE1|KAFUBU WARD|0.0|DISAPPROVED|2025|NOT APPROVED DUE TO INSUFFICIENT FUNDS
NCC-CDF-PRJ-0127|CONSTRUCTION OF ABLUTION BLOCK AT NDOLA MAIN SCHOOL|CONSTRUCTION OF ABLUTION BLOCK AT NDOLA MAIN SCHOOL|EDUCATION|CONSTRUCTION|KABUSHI|KAFUBU|KAMANA 1|NDOLA MAIN SCHOOL|0.0|DISAPPROVED|2025|NOT APPROVED DUE TO INSUFFICIENT FUNDS
NCC-CDF-PRJ-0128|EXCAVATION AND CLEARING OF MESSENGER STREAM|EXCAVATION AND CLEARING OF MESSENGER STREAM|WATER AND SANIT|ACTOIONNSTRUCTION|KABUSHI|KAFUBU|KAMANA 2|KAFUBU WARD|0.0|DISAPPROVED|2025|NOT APPROVED DUE TO INSUFFICIENT FUNDS
NCC-CDF-PRJ-0129|CONSTRUCTION OF FOOT BRIDGE AT MESSENGER STREAM|CONSTRUCTION OF FOOT BRIDGE AT MESSENGER STREAM|ROADS|CONSTRUCTION|KABUSHI|KAFUBU|KAMANA 3|KAFUBU WARD|0.0|DISAPPROVED|2025|NOT APPROVED DUE TO INSUFFICIENT FUNDS
NCC-CDF-PRJ-0130|CONSTRUCTION OF UNDER FIVE CLINIC SHELTER|CONSTRUCTION OF UNDER FIVE CLINIC SHELTER|HEALTH|CONSTRUCTION|KABUSHI|KAFUBU|MABUNGO 1|MABUNGO 1|0.0|DISAPPROVED|2025|NOT APPROVED DUE TO INSUFFICIENT FUNDS
NCC-CDF-PRJ-0131|CONSTRUCTION OF WATER PROJECT AT KX MAITEKE AND CHINESE COMPLEX|CONSTRUCTION OF WATER PROJECT AT KX MAITEKE AND CHINESE COMPLEX|WATER AND SANIT|ACTOIONNSTRUCTION|KABUSHI|KAFUBU|KAWAMBWA 1|CHINESE COMPLEX AND MAITEKE|0.0|DISAPPROVED|2025|NOT APPROVED DUE TO INSUFFICIENT FUNDS
NCC-CDF-PRJ-0132|CONSTRUCTION OF WALLFENCE AT LUBUTO PRIMARY SCHOOL|CONSTRUCTION OF WALLFENCE AT LUBUTO PRIMARY SCHOOL|EDUCATION|CONSTRUCTION|KABUSHI|LUBUTO|MAWEMA 2|LUBUTO PRIMARY SCHOOL|0.0|DISAPPROVED|2025|NOT APPROVED DUE TO INSUFFICIENT FUNDS
NCC-CDF-PRJ-0133|CONSTRUCTION OF TWO EARLY CHILDHOOD CLASSROOMS|CONSTRUCTION OF TWO EARLY CHILDHOOD CLASSROOMS|EDUCATION|CONSTRUCTION|KABUSHI|LUBUTO|SAMFYA 1|LUBUTO PRIMARY SCHOOL|0.0|DISAPPROVED|2025|NOT APPROVED DUE TO INSUFFICIENT FUNDS
NCC-CDF-PRJ-0134|REHABILATATION OF FLUSHABLE TOILET|REHABILATATION OF FLUSHABLE TOILET|WATER AND SANIT|ACTOIONNSTRUCTION|KABUSHI|MASALA|MWERU 1|MASALA WARD|0.0|DISAPPROVED|2025|NOT APPROVED DUE TO INSUFFICIENT FUNDS
NCC-CDF-PRJ-0135|FENCING OF GROUND|FENCING OF GROUND|SECURITY|CONSTRUCTION|KABUSHI|MASALA|MWERU 2|MASALA WARD|0.0|DISAPPROVED|2025|NOT APPROVED DUE TO INSUFFICIENT FUNDS
NCC-CDF-PRJ-0136|REHABILITATION OF KABUSHI MARKET|REHABILITATION OF KABUSHI MARKET|MARKETS|CONSTRUCTION|KABUSHI|KABUSHI|MUPEZENI 1|KABUSHI MARKET|0.0|DISAPPROVED|2025|NOT APPROVED DUE TO INSUFFICIENT FUNDS
NCC-CDF-PRJ-0137|CONSTRUCTION OF KABUSHI MARKET|CONSTRUCTION OF KABUSHI MARKET|MARKETS|CONSTRUCTION|KABUSHI|KABUSHI|MUPEZENI 2|KABUSHI MARKET|0.0|DISAPPROVED|2025|NOT APPROVED DUE TO INSUFFICIENT FUNDS
NCC-CDF-PRJ-0138|COMMUNITY AND RESTOCKING OF COMMUNITY LIBRARY|COMMUNITY AND RESTOCKING OF COMMUNITY LIBRARY|EDUCATION|PROCUREMENT|KABUSHI|KABUSHI|MUPEZENI 3|KABUSHI WARD|0.0|DISAPPROVED|2025|NOT APPROVED DUE TO INSUFFICIENT FUNDS
NCC-CDF-PRJ-0139|INSTALLATION OF SOLAR PANELS AT KABUSHI CLINIC|INSTALLATION OF SOLAR PANELS AT KABUSHI CLINIC|HEALTH|INSTALLATION|KABUSHI|KABUSHI|CHIKANKATA 2|KABUSHI WARD|0.0|DISAPPROVED|2025|NOT APPROVED DUE TO INSUFFICIENT FUNDS
NCC-CDF-PRJ-0140|INSTALLATION OF SOLAR PANELS FOR WATER SUPPLY AT DAMBO SCHOOL|INSTALLATION OF SOLAR PANELS FOR WATER SUPPLY AT DAMBO SCHOOL|EDUCATION|INSTALLATION|KABUSHI|KABUSHI|DAMBO 1|DAMBO SCHOOL|0.0|DISAPPROVED|2025|NOT APPROVED DUE TO INSUFFICIENT FUNDS
NCC-CDF-PRJ-0141|WATER RETICULATION|WATER RETICULATION|WATER AND SANIT|AINTISOTNALLATION|KABUSHI|KALOKO|CHITIMUKULU 1|KALOKO WARD|0.0|DISAPPROVED|2025|NOT APPROVED DUE TO INSUFFICIENT FUNDS
NCC-CDF-PRJ-0142|REHABITATION OF SOBELENGE BUILDING|REHABITATION OF SOBELENGE BUILDING|EDUCATION|CONSTRUCTION|KABUSHI|KALOKO|CHITIMUKULU 2|KALOKO COMBINE SCH.|0.0|DISAPPROVED|2025|NOT APPROVED DUE TO INSUFFICIENT FUNDS
NCC-CDF-PRJ-0143|PAVING OF NAMPENA ROAD|PAVING OF NAMPENA ROAD|ROADS|CONSTRUCTION|KABUSHI|KALOKO|CHITIMUKULU 3|KALOKO WARD|0.0|DISAPPROVED|2025|NOT APPROVED DUE TO INSUFFICIENT FUNDS
NCC-CDF-PRJ-0144|FENCING OF KALOKO GROUNDS|FENCING OF KALOKO GROUNDS|SECURITY|CONSTRUCTION|KABUSHI|KALOKO|KALOKO 1|KALOKO GROUNDS|0.0|DISAPPROVED|2025|NOT APPROVED DUE TO INSUFFICIENT FUNDS
NCC-CDF-PRJ-0145|REPLACING OF SEWER LINES IN KALOKO WARD|REPLACING OF SEWER LINES IN KALOKO WARD|WATER AND SANIT|AINTISOTNALLATION|KABUSHI|KALOKO|KALOKO 2|KALOKO WARD|0.0|DISAPPROVED|2025|NOT APPROVED DUE TO INSUFFICIENT FUNDS
NCC-CDF-PRJ-0146|CONSTRUCTION OF A SKILLS TRAINING CENTER AT TOKA COMMUNITY HALL IN MFUBU ZONE|CONSTRUCTION OF A SKILLS TRAINING CENTER AT TOKA COMMUNITY HALL IN MFUBU ZONE|EDUCATION|CONSTRUCTION|KABUSHI|TOKA|CHIGWIRIZANO 1|TOKA COMMUNITY HALL|0.0|DISAPPROVED|2025|NOT APPROVED DUE TO INSUFFICIENT FUNDS
NCC-CDF-PRJ-0147|CONSTRUCTION OF A CLINIC IN CHIGWILIZANO 1|CONSTRUCTION OF A CLINIC IN CHIGWILIZANO 1|HEALTH|CONSTRUCTION|KABUSHI|TOKA|CHIGWIRIZANO 2|TOKA WARD|0.0|DISAPPROVED|2025|NOT APPROVED DUE TO INSUFFICIENT FUNDS
NCC-CDF-PRJ-0148|CONSTRUCTION OF A MARKET SHELTER AT TOKA MARKET IN CHIGWILIZANO 2|CONSTRUCTION OF A MARKET SHELTER AT TOKA MARKET IN CHIGWILIZANO 2|MARKETS|CONSTRUCTION|KABUSHI|TOKA|CHIGWIRIZANO 3|TOKA MARKET|0.0|DISAPPROVED|2025|NOT APPROVED DUE TO INSUFFICIENT FUNDS
NCC-CDF-PRJ-0149|CONSTRUCTION OF TOILETS IN LUNDAZI 1 LUNDAZI 2|CONSTRUCTION OF TOILETS IN LUNDAZI 1 LUNDAZI 2|WATER AND SANIT|ACTOIONNSTRUCTION|KABUSHI|TOKA|LUNDAZI 1|TOKA WARD|0.0|DISAPPROVED|2025|NOT APPROVED DUE TO INSUFFICIENT FUNDS
NCC-CDF-PRJ-0150|REGRAVELLING OF ALL ROADS IN MFUBU|REGRAVELLING OF ALL ROADS IN MFUBU|ROADS|CONSTRUCTION|KABUSHI|TOKA|LUNDAZI 2|MFUBU|0.0|DISAPPROVED|2025|NOT APPROVED DUE TO INSUFFICIENT FUNDS
NCC-CDF-PRJ-0151|CONSTRUCTION OF TEACHER'S INSTITUTIONAL HOUSES AT KAYELE|CONSTRUCTION OF TEACHER'S INSTITUTIONAL HOUSES AT KAYELE|EDUCATION|CONSTRUCTION|KABUSHI|MUKUBA|MUKUBA 1|KAYELE SECONDARY SCHOOL|0.0|DISAPPROVED|2025|NOT APPROVED DUE TO INSUFFICIENT FUNDS
NCC-CDF-PRJ-0152|CONSTRUCTION OF SCHOOL HALL AT KAYELE SECONDARY SCHOOL|CONSTRUCTION OF SCHOOL HALL AT KAYELE SECONDARY SCHOOL|EDUCATION|CONSTRUCTION|KABUSHI|MUKUBA|NGWE 1|KAYELE SECONDARY SCHOOL|0.0|DISAPPROVED|2025|NOT APPROVED DUE TO INSUFFICIENT FUNDS
NCC-CDF-PRJ-0153|CONSTRUCTION OF A 1X4 CLASSROOM BLOCK|CONSTRUCTION OF A 1X4 CLASSROOM BLOCK|EDUCATION|CONSTRUCTION|KABUSHI|KALOKO|CHIMWEMWE|KALOKO|0.0|DISAPPROVED|2025|NOT APPROVED DUE TO INSUFFICIENT FUNDS
NCC-CDF-PRJ-0154|REHABILITATION OF NAIDU ROAD IN KANINI|REHABILITATION OF NAIDU ROAD IN KANINI|INFRASTRUCTURE|CONSTRUCTION|NDOLA CENTRAL|KANINI|KANINI|NAIDU ROAD|0.0|DISAPPROVED|2025|NOT APPROVED DUE TO INSUFFICIENT FUNDING
NCC-CDF-PRJ-0155|REHABILITATION OF A CLASSROOM BLOCK AT NDOLA PRIMARY SCHOOL|REHABILITATION OF A CRB AT NDOLA PRIMARY SCHOOL|EDUCATION|CONSTRUCTION|NDOLA CENTRAL|KANINI|KANDABWE|NDOLA PRIMARY SCHOOL|0.0|DISAPPROVED|2025|NOT APPROVED DUE TO INSUFFICIENT FUNDING
NCC-CDF-PRJ-0156|CONSTRUCTION OF JUVENILE CELLS, REHABILITATION OF OLD CELLS & PAVING OF 50x130m2 CAR PARK AT KANSENSHI POLICE STATION|CONSTRUCTION OF JUVENILE CELLS, REHABILITATION OF OLD CELLS & PAVING OF 50x130m CAR PARK AT KANSENSHI POLICE STATION|INFRASTRUCTURE|CONSTRUCTION|NDOLA CENTRAL|KANSENSH I|SEKELA|KANSENSHI POLICE STATION|0.0|DISAPPROVED|2025|NOT APPROVED DUE TO INSUFFICIENT FUNDING
NCC-CDF-PRJ-0157|CONSTRUCTION OF 1 x 2 CRB COMPUTER LABORATORY AT KANSENSHI SECONDARY SCHOOL|CONSTRUCTION OF CHILREN'S SHELTER AT PETER SINGOGO CLINIC|EDUCATION|CONSTRUCTION|NDOLA CENTRAL|KANSENSH I|KANSENSHI 1|KANSENSHI SECONDARY|0.0|DISAPPROVED|2025|NOT APPROVED DUE TO INSUFFICIENT FUNDING
NCC-CDF-PRJ-0158|CONSTRUCTION OF MITENGE COMMUNITY SCHOOL|CONSTRUCTION OF MITENGE COMMUNITY SCHOOL|EDUCATION|CONSTRUCTION|NDOLA CENTRAL|DAG|MWEKERA|MITENGE|0.0|DISAPPROVED|2025|NOT APPROVED DUE TO INSUFFICIENT FUNDING
NCC-CDF-PRJ-0159|CONSTRUCTION OF A 1 x3 CLASS ROOM BLOCK|CONSTRUCTION OF A 1 * 3 CLASS ROOM BLOCK|EDUCATION|CONSTRUCTION|NDOLA CENTRAL|DAG|KAWEME|KAWEME COMMUNITY SCHOOL|0.0|DISAPPROVED|2025|DUE TO INSUFFICIENT FUNDING
NCC-CDF-PRJ-0160|CONSTRUCTION OF A MODERN FULLY FLEDGED COMMUNITY MARKET|CONSTRUCTION OF A MODERN FULLY FLEDGED COMMUNITY MARKET|INFRASTRUCTURE|CONSTRUCTION|NDOLA CENTRAL|DAG|DAG|DAG|0.0|DISAPPROVED|2025|NOT APPROVED DUE TO INSUFFICIENT FUNDING
NCC-CDF-PRJ-0161|CONSTRUCTION OF MATERNITY WING WITH GOOD WATER AND SANTITATION|CONSTRUCTION OF MATERNITY WING WITH GOOD WATER AND SANTITATION|HEALTH|CONSTRUCTION|NDOLA CENTRAL|DAG|LUASAKA|KAMENSO PANSHI|0.0|DISAPPROVED|2025|NOT APPROVED DUE TO INSUFFICIENT FUNDING
NCC-CDF-PRJ-0162|GRADING OF FEEDER ROADS IN ISOMA, KAWEME, MINSAKA, MISAKA,KAKUPEPA, MWEKERA, 21 MILES, KWACHA AND LUASAKA.|GRADING OF FEEDER ROADS IN ISOMA, KAWEME, MINSAKA, MISAKA,KAKUPEPA, MWEKERA, 21 MILES, KWACHA AND LUASAKA.|INFRASTRUCTURE|CONSTRUCTION|NDOLA CENTRAL|DAG|DAG WARD|DAG WARD|0.0|DISAPPROVED|2025|DUE TO INSUFFICIENT FUNDING
NCC-CDF-PRJ-0163|CONSTRUCTION OF A 1x4 CLASSROOM BLOCK|CONSTRUCTION OF A 1*4 CLASSROOM BLOCK|EDUCATION|CONSTRUCTION|NDOLA CENTRAL|NKWAZI|OLD RDC|NKWAZI PRI. SCH.|0.0|DISAPPROVED|2025|DUE TO INSUFFICIENT FUNDING
NCC-CDF-PRJ-0164|COMPLETING AND REHABILITATION OF AN ABLUTION BLOCK AT NKWAZI MARKET|COMPLETING AND REHABILITATION OF AN ABLUTION BLOCK AT NKWAZI MARKET|WATER AND SANITATION|INSTALLATION|NDOLA CENTRAL|NKWAZI|RIVERSIDE 1|RIVERSIDE MARKET|0.0|DISAPPROVED|2025|DUE TO INSUFFICIENT FUNDING
NCC-CDF-PRJ-0165|PROCUREMENT AND INSTALLATION OF SOLAR PV SYSTEM AT ARTHUR DAVISON CHILDRENS HOSPITAL MORTUARTY|PROCUREMENT AND INSTALLATION OF SOLAR PV SYSTEM AT ARTHUR DAVISON CHILDRENS HOSPITAL MORTUARTY|HEALTH/ENERGY|CONSTRUCTION|NDOLA CENTRAL|YENGWE|YENGWE|ARTHUR DAVISON CHILDRENS HOSPITAL|0.0|DISAPPROVED|2025|DUE TO INSUFFICIENT FUNDING
NCC-CDF-PRJ-0166|PROCUREMENT AND INSTALLATION OF SOLAR PV SYSTEM AT ARTHUR DAVISON CHILDRENS HOSPITAL ICU|PROCUREMENT AND INSTALLATION OF SOLAR PV SYSTEM AT ARTHUR DAVISON CHILDRENS HOSPITAL ICU|HEALTH/ENERGY|CONSTRUCTION|NDOLA CENTRAL|YENGWE|YENGWE|ARTHUR DAVISON CHILDRENS HOSPITAL|0.0|DISAPPROVED|2025|DUE TO INSUFFICIENT FUNDING
NCC-CDF-PRJ-0167|CONSTRUCTION OF A 1x3 CLASSROOM BLOCK SCIENCE LABORATORY AT CHIBOLELE COMBINED SCHOOL|CONSTRUCTION OF A 1x3 CLASSROOM BLOCK SCIENCE LABORATORY AT CHIBOLELE COMBINED SCHOOL|EDUCATION|CONSTRUCTION|NDOLA CENTRAL|MAPALO|CHIBOLELE|CHIBOLELE COMBINED SCHOOL|0.0|DISAPPROVED|2025|DUE TO INSUFFICIENT FUNDING
NCC-CDF-PRJ-0168|Construction of Maternity Wing at Madando|Construction of Maternity Wing at Madando|EDUCATION|CONSTRUCTION|BWANA MKUBWA|Cahichele|Mwenya 1|Cahichele|0.0|DISAPPROVED|2024|Project was not selected as first priority
NCC-CDF-PRJ-0169|Construction of 1*3 Classroom Block|Construction of 1*3 Classroom Block|EDUCATION|CONSTRUCTION|BWANA MKUBWA|Iatawa|Ndeke|Iatawa|0.0|DISAPPROVED|2024|Project was not selected as first priority
NCC-CDF-PRJ-0170|Grading of Roads at Mphangwe|Grading of Roads at Mphangwe|ROADS & CONSTRU|CCTIOONNSTRUCTION|BWANA MKUBWA|Iatawa|Mpangwe|Iatawa|0.0|DISAPPROVED|2024|Project was not selected as first priority
NCC-CDF-PRJ-0171|Grading of Roads at Ndeke Overspill|Grading of Roads at Ndeke Overspill|ROADS & CONSTRU|CCTIOONNSTRUCTION|BWANA MKUBWA|Iatawa|Ndeke|Iatawa|0.0|DISAPPROVED|2024|Project was not selected as first priority
NCC-CDF-PRJ-0172|Construction of a Market Shelter|Construction of a Market Shelter|MARKETS & BUS ST|ACTIOONNSSTRUCTION|BWANA MKUBWA|Iatawa|Ndeke|Iatawa|0.0|DISAPPROVED|2024|Project was not selected as first priority
NCC-CDF-PRJ-0173|Extension of Itawa Clinic|Extension of Itawa Clinic|HEALTH|CONSTRUCTION|BWANA MKUBWA|Iatawa|Chibansa|Iatawa|0.0|DISAPPROVED|2024|Project was not selected as first priority
NCC-CDF-PRJ-0174|Piped Water|Piped Water|WATER & SANITATIO|NINSTALLATION|BWANA MKUBWA|Kaantolomba|Nakaputa|Kaantolomba|0.0|DISAPPROVED|2024|Project was not selected as first priority
NCC-CDF-PRJ-0175|Boundary Wall Fence|Boundary Wall Fence|SECURITY|CONSTRUCTION|BWANA MKUBWA|Kaantolomba|Isoka|Kaantolomba|0.0|DISAPPROVED|2024|Project was not selected as first priority
NCC-CDF-PRJ-0176|Paving of Roads|Paving of Roads|ROADS & CONSTRU|CCTIOONNSTRUCTION|BWANA MKUBWA|Kaantolomba|Kantolomba 1|Kaantolomba|0.0|DISAPPROVED|2024|Project was not selected as first priority
NCC-CDF-PRJ-0177|Construction of a Bridge|Construction of a Bridge|ROADS & CONSTRU|CCTIOONNSTRUCTION|BWANA MKUBWA|Kaantolomba|Kantolomba 1|Kaantolomba|0.0|DISAPPROVED|2024|Project was not selected as first priority
NCC-CDF-PRJ-0178|1*3 Classroom Block at Ingwe Combined School|1*3 Classroom Block at Ingwe Combined School|EDUCATION|CONSTRUCTION|BWANA MKUBWA|Kaavu|Kavu 1|Kaavu|0.0|DISAPPROVED|2024|Project was not selected as first priority
NCC-CDF-PRJ-0179|Drilling of a Borehole at Commando Camp Hospital|Drilling of a Borehole at Commando Camp Hospital|WATER & SANITATIO|NINSTALLATION|BWANA MKUBWA|Kaavu|Kan'gonga|Kaavu|0.0|DISAPPROVED|2024|Project was not selected as first priority
NCC-CDF-PRJ-0180|Mother's Shelter at Mwange A Clinic|Mother's Shelter at Mwange A Clinic|HEALTH|CONSTRUCTION|BWANA MKUBWA|Kaavu|Mwange A|Kaavu|0.0|DISAPPROVED|2024|Project was not selected as first priority
NCC-CDF-PRJ-0181|Maternity Wing at Mwange A Clinic|Maternity Wing at Mwange A Clinic|HEALTH|CONSTRUCTION|BWANA MKUBWA|Kaavu|Mwange A|Kaavu|0.0|DISAPPROVED|2024|Project was not selected as first priority
NCC-CDF-PRJ-0182|Electrification of Mwange A Clinic|Electrification of Mwange A Clinic|HEALTH|INSTALLATION|BWANA MKUBWA|Kaavu|Mwange A|Kaavu|0.0|DISAPPROVED|2024|Project was not selected as first priority
NCC-CDF-PRJ-0183|Construction of a Dinning Shelter|Construction of a Dinning Shelter|CONSTRUCTION|CONSTRUCTION|BWANA MKUBWA|Laupili|Kansengu|Laupili|0.0|DISAPPROVED|2024|Project was not selected as first priority
NCC-CDF-PRJ-0184|Construction of a Market Shelter|Construction of a Market Shelter|CONSTRUCTION|CONSTRUCTION|BWANA MKUBWA|Laupili|Lupili 1|Laupili|0.0|DISAPPROVED|2024|Project was not selected as first priority
NCC-CDF-PRJ-0185|Solar Powered Boreholes at Old Regiment|Solar Powered Boreholes at Old Regiment|WATER & SANITATIO|NCONSTRUCTION|BWANA MKUBWA|Tawashuka|Old Regiment|Tawashuka|0.0|DISAPPROVED|2024|Project was not selected as first priority
NCC-CDF-PRJ-0186|Construction of Ablution Block|Construction of Ablution Block|WATER & SANITATIO|NCONSTRUCTION|BWANA MKUBWA|Tawashuka|Jacaranda Vill|Tawashuka|0.0|DISAPPROVED|2024|Project was not selected as first priority
NCC-CDF-PRJ-0187|Extension of Maternity Wing at Twashuka Clinic|Extension of Maternity Wing at Twashuka Clinic|HEALTH|CONSTRUCTION|BWANA MKUBWA|Tawashuka|New Kaloko|Tawashuka|0.0|DISAPPROVED|2024|Project was not selected as first priority
NCC-CDF-PRJ-0188|Construction of a Bus Shelter|Construction of a Bus Shelter|CONSTRUCTION|CONSTRUCTION|BWANA MKUBWA|Tawashuka|New Kaloko|Tawashuka|0.0|DISAPPROVED|2024|Project was not selected as first priority
NCC-CDF-PRJ-0189|Procurement of a 20tone roller Compactor - RS2800H|Procurement of a 20tone roller Compactor -RS2800H|ROADS & CONSTRU|CPTIROONCUREMENT|CHIFUBU|All wards|Selected Zones|All wards|0.0|DISAPPROVED|2024|Project was not selected as first priority
NCC-CDF-PRJ-0190|Procurement of 20,000ltrs Water Bowser -F3000|Procurement of 20,000ltrs Water Bowser -F3000|ROADS & CONSTRU|CPTIROONCUREMENT|CHIFUBU|All wards|Selected Zones|All wards|0.0|DISAPPROVED|2024|Project was not selected as first priority
NCC-CDF-PRJ-0191|Construction of drainages from Buntungwa Police to Chifubu Local Court|Construction of drainages from Buntungwa Police to Chifubu Local Court|CONSTRUCTION|CONSTRUCTION|CHIFUBU|Chifubu|Alick Nhkata 1|Chifubu|0.0|DISAPPROVED|2024|Project was not selected as first priority
NCC-CDF-PRJ-0192|Construction of drainages from Chipolopolo to UCZ Church|Construction of drainages from Chipolopolo to UCZ Church|CONSTRUCTION|CONSTRUCTION|CHIFUBU|Chifubu|Kapili 1|Chifubu|0.0|DISAPPROVED|2024|Project was not selected as first priority
NCC-CDF-PRJ-0193|Water reticulation and sanitation (14,082,615.5 - full scope) Selected areas in Kamba (Phase 1)|Water reticulation and sanitation (14,082,615.5 - full scope) Selected areas in Kamba (Phase 1)|WATER & SANITATIO|NINSTALLATION|CHIFUBU|Kamba|Mango 1|Kamba|0.0|DISAPPROVED|2024|Project was not selected as first priority
NCC-CDF-PRJ-0194|Construction of boundary fences Site for Mitengo Clinic|Construction of boundary fences Site for Mitengo Clinic|HEALTH|CONSTRUCTION|CHIFUBU|Kaniki|Kaniki 1|Kaniki|0.0|DISAPPROVED|2024|Project was not selected as first priority
NCC-CDF-PRJ-0195|Construction of Mitengo Clinic and Maternity Mitengo Police|Construction of Mitengo Clinic and Maternity Mitengo Police|SECURITY|CONSTRUCTION|CHIFUBU|Kaniki|Kaniki 2|Kaniki|0.0|DISAPPROVED|2024|Project was not selected as first priority
NCC-CDF-PRJ-0196|Construction of Market Shelter and Ablution Block Kanyanje|Construction of Market Shelter and Ablution Block Kanyanje|WATER & SANITATIO|NCONSTRUCTION|CHIFUBU|Kanyanje|Intulo|Kanyanje|0.0|DISAPPROVED|2024|Project was not selected as first priority
NCC-CDF-PRJ-0197|Installation of street lights SGC to Pine groove market street Lighting project - 3200 meters|Installation of street lights SGC to Pine groove market street Lighting project - 3200 meters|SECURITY|INSTALLATION|CHIFUBU|Kawama|Chikanga|Kawama|0.0|DISAPPROVED|2024|Project was not selected as first priority
NCC-CDF-PRJ-0198|Construction of Chimbotela Clinic|Construction of Chimbotela Clinic|HEALTH|CONSTRUCTION|CHIFUBU|Pamodzi|Overspill 1|Pamodzi|0.0|DISAPPROVED|2024|Project was not selected as first priority
NCC-CDF-PRJ-0199|Installation Of Solar Panels At Kabushi Clinic|Installation Of Solar Panels At Kabushi Clinic|WATER & SANITATIO|NCONSTRUCTION|KABUSHI|Kabushi|Mpezeni 1|Kabushi|0.0|DISAPPROVED|2024|Project was not selected as first priority
NCC-CDF-PRJ-0200|Construction Of Ablution Block At Kabushi Market|Construction Of Ablution Block At Kabushi Market|WATER & SANITATIO|NCONSTRUCTION|KABUSHI|Kabushi|Mpezeni 2|Kabushi|0.0|DISAPPROVED|2024|Project was not selected as first priority
NCC-CDF-PRJ-0201|Community And Restocking Of Community Library|Community And Restocking Of Community Library|CONSTRUCTION|CONSTRUCTION|KABUSHI|Kabushi|Changanya 1|Kabushi|0.0|DISAPPROVED|2024|Project was not selected as first priority
NCC-CDF-PRJ-0202|Extension Of Wall Fence At Milemu Secondary School|Extension Of Wall Fence At Milemu Secondary School|EDUCATION|CONSTRUCTION|KABUSHI|Kafubu|Kamana 1|Kafubu|0.0|DISAPPROVED|2024|Project was not selected as first priority
NCC-CDF-PRJ-0203|Water Reticulation|Water Reticulation|WATER & SANITATIO|NINSTALLATION|KABUSHI|Kaloko|Chitimukulu 1|Kaloko|0.0|DISAPPROVED|2024|Project was not selected as first priority
NCC-CDF-PRJ-0204|Rehabilitation Of Sobelenge Building|Rehabilitation Of Sobelenge Building|CONSTRUCTION|CONSTRUCTION|KABUSHI|Masala|Chilubulu 1|Masala|0.0|DISAPPROVED|2024|Project was not selected as first priority
NCC-CDF-PRJ-0205|Street Lingting Of Main Streets In Mukuba Ward|Street Lingting Of Main Streets In Mukuba Ward|SECURITY|CONSTRUCTION|KABUSHI|Skyways|Skyways 1|Skyways|0.0|DISAPPROVED|2024|Project was not selected as first priority
NCC-CDF-PRJ-0206|Construction Of A Skills Training Center At Toka Community Hall In Mfubu Zone|Construction Of A Skills Training Center At Toka Community Hall In Mfubu Zone|CONSTRUCTION|CONSTRUCTION|KABUSHI|Toka|Mfubu 1|Toka|0.0|DISAPPROVED|2024|Project was not selected as first priority
NCC-CDF-PRJ-0207|Construction Of Mitenge Community School|Construction Of Mitenge Community School|EDUCATION|CONSTRUCTION|NDOLA CENTRAL|Dag|Mwekera|Dag|0.0|DISAPPROVED|2024|Project was not selected as first priority
NCC-CDF-PRJ-0208|Construction Of A 1 X3 Class Room Block|Construction Of A 1 * 3 Class Room Block|EDUCATION|CONSTRUCTION|NDOLA CENTRAL|Dag|Kaweme|Dag|0.0|DISAPPROVED|2024|Project was not selected as first priority
NCC-CDF-PRJ-0209|Construction Of A Modern Fully Fledged Community Market|Construction Of A Modern Fully Fledged Community Market|MARKETS & BUS STATIONS|CONSTRUCTION|NDOLA CENTRAL|Dag|Dag|Dag|0.0|DISAPPROVED|2024|Project was not selected as first priority
NCC-CDF-PRJ-0210|Construction Of Maternity Wing With Good Water And Santitation|Construction Of Maternity Wing With Good Water And Santitation|HEALTH|CONSTRUCTION|NDOLA CENTRAL|Dag|Luasaka|Dag|0.0|DISAPPROVED|2024|Project was not selected as first priority
NCC-CDF-PRJ-0211|Grading Of Feeder Roads In Isoma, Kaweme, Minsaka, Misaka,Kakupepa, Mwekera, 21 Miles, Kwacha And Luasaka.|Grading Of Feeder Roads In Isoma, Kaweme, Minsaka, Misaka,Kakupepa, Mwekera, 21 Miles, Kwacha And Luasaka.|ROADS & CONSTRUCTION|CONSTRUCTION|NDOLA CENTRAL|Dag|Dag Ward|Dag|0.0|DISAPPROVED|2024|Project was not selected as first priority
NCC-CDF-PRJ-0212|Rehabilitation Of Naidu Road In Kanini|Rehabilitation Of Naidu Road In Kanini|ROADS & CONSTRUCTION|REHABILITATION|NDOLA CENTRAL|Kanini|Kanini|Kanini|0.0|DISAPPROVED|2024|Project was not selected as first priority
NCC-CDF-PRJ-0213|Rehabilitation Of A Classroom Block At Ndola Primary School|Rehabilitation Of A Crb At Ndola Primary School|EDUCATION|REHABILITATION|NDOLA CENTRAL|Kanini|Kandabwe|Kanini|0.0|DISAPPROVED|2024|Project was not selected as first priority
NCC-CDF-PRJ-0214|Construction Of Juvenile Cells, Rehabilitation Of Old Cells & Paving Of 50X130M2 Car Park At Kansenshi Police Station|Construction Of Juvenile Cells, Rehabilitation Of Old Cells & Paving Of 50X130M Car Park At Kansenshi Police Station|SECURITY|CONSTRUCTION|NDOLA CENTRAL|Kansenshi|Kansenshi 1|Kansenshi|0.0|DISAPPROVED|2024|Project was not selected as first priority
NCC-CDF-PRJ-0215|Computer Laboratory At Kansenshi Secondary School|Construction Of Chilren'S Shelter At Peter Singogo Clinic|EDUCATION|CONSTRUCTION|NDOLA CENTRAL|Kansenshi|Sekela|Kansenshi|0.0|DISAPPROVED|2024|Project was not selected as first priority
NCC-CDF-PRJ-0216|Construction Of A 1X4 Classroom Block|Construction Of A 1*4 Classroom Block|EDUCATION|CONSTRUCTION|NDOLA CENTRAL|Nkwazi|Old Rdc|Nkwazi|0.0|DISAPPROVED|2024|Project was not selected as first priority
