secondary_bursary_id|constituency|pupil_name|ward|gender|age|grade_level|parent_or_guardian_name|school_name|school_location|annual_fees_zmw|academic_year|approval_status
NCC-CDF-SEC-0001|NDOLA CENTRAL|CHILAMBE FLODINA|TWAPIA|F|18.0|10|RACHEAL NYIRONGO|DA GAMA SCHOOL OF THE DISABLED|LUANSHYA|3000.0|2025|APPROVED
NCC-CDF-SEC-0002|NDOLA CENTRAL|BLESSINGS CHILUFYA|MAPALO|F|13.0|8|ELIZABETH CHILUFYA|DA GAMA SCHOOL OF THE DISABLED|LUANSHYA|3000.0|2025|APPROVED
NCC-CDF-SEC-0003|NDOLA CENTRAL|CLOUDIAS HAMBWEKA|DAG|M|16.0|10|MERCY KABWE|LIONS SCHOOL OF THE BLIND|NDOLA|3000.0|2025|APPROVED
NCC-CDF-SEC-0004|NDOLA CENTRAL|TOWELA MUKONKI|TWAPIA|F|16.0|10|JAY MAJULA|LUANGWA SECONDARY SCHOOL|LUANGWA|3000.0|2025|APPROVED
NCC-CDF-SEC-0005|NDOLA CENTRAL|RAYMOND CHINGAIPE MWALE|KANSENSHI|M|13.0|8|KAKWESA N MWALE|LUANGWA SECONDARY SCHOOL|LUANGWA|3000.0|2025|APPROVED
NCC-CDF-SEC-0006|NDOLA CENTRAL|CLASTER CHANDA|TWAPIA|F|18.0|11|PRISCILLA M. CHANDA|MABLE SHAW SEC SCHOOL|MWENSE|3000.0|2025|APPROVED
NCC-CDF-SEC-0007|NDOLA CENTRAL|MIYOBA M. SIKALINDA|KANINI|M|15.0|10|VALLENAH CHEELO|MASAITI BOARDING SEC SCHOOL|MASAITI|3000.0|2025|APPROVED
NCC-CDF-SEC-0008|BWANA MKUBWA|SIKANA PETER|MUKULUNGWE|M|10.0|RETURNING|MASAITI|108736/93/1|762210152|3000.0|2025|APPROVED
NCC-CDF-SEC-0009|BWANA MKUBWA|NYANGU OBERT|ITAWA|M|11.0|RETURNING|MASAITI|126900/19/1|978781616|3000.0|2025|APPROVED
NCC-CDF-SEC-0010|BWANA MKUBWA|MWEWA MASHITA BERACHA|MUSHILI|M|11.0|RETURNING|MASAITI|185945/65/1|974041784|3000.0|2025|APPROVED
NCC-CDF-SEC-0011|BWANA MKUBWA|CHAMA MULOBOKO|ITAWA|M|8.0|RETURNING|MASAITI|215394/66/1|977802410|3000.0|2025|APPROVED
NCC-CDF-SEC-0012|BWANA MKUBWA|FRED SIAME|ITAWA|M|11.0|RETURNING|MASAITI|235676/43/1|977783756|3000.0|2025|APPROVED
NCC-CDF-SEC-0013|BWANA MKUBWA|HAATEMBO INNOCENT GIFT|ITAWA|M|11.0|RETURNING|MASAITI|254144/61/1|977857565|3000.0|2025|APPROVED
NCC-CDF-SEC-0014|BWANA MKUBWA|MBAWALA GODFREY|ITAWA|M|11.0|RETURNING|MASAITI|254144/61/1|977857565|3000.0|2025|APPROVED
NCC-CDF-SEC-0015|BWANA MKUBWA|NOAH KALONGA|ITAWA|M|10.0|RETURNING|MASAITI|278757/16/1|978311593|3000.0|2025|APPROVED
NCC-CDF-SEC-0016|BWANA MKUBWA|CHIRWA CHUNGU|MUKULUNGWE|M|8.0|NEW|MASAITI|258733/66/1|964333119|3000.0|2025|APPROVED
NCC-CDF-SEC-0017|BWANA MKUBWA|MULABI NATASHA|KAVU|F|8.0|RETURNING|NDOLA|134062/69/1|967493513|3000.0|2025|APPROVED
NCC-CDF-SEC-0018|BWANA MKUBWA|BERAIAH CHIBOMBWE|MUSHILI|F|12.0|NEW|NDOLA|254711/66/1|977882304|3000.0|2025|APPROVED
NCC-CDF-SEC-0019|BWANA MKUBWA|HAMMUBBYA MILIMO MAPALO|LUPILI|F|11.0|RETURNING|LIVINGSTONE|119626/77/1|965040558|3000.0|2025|APPROVED
NCC-CDF-SEC-0020|BWANA MKUBWA|MPANGA SILLA|MUNKULUNGWE|F|11.0|RETURNING|MASAITI|328612/61/1|967223396|3000.0|2025|APPROVED
NCC-CDF-SEC-0021|BWANA MKUBWA|KALUBA AARON|LUPILI|F|11.0|NEW|MASAITI|383622/61/1|966934781|3000.0|2025|APPROVED
NCC-CDF-SEC-0022|BWANA MKUBWA|NANKONDE AGNESS MUTAMBO|ITAWA|F|10.0|NEW|KAPIRI|232874/47/1|965441597|3000.0|2025|APPROVED
NCC-CDF-SEC-0023|BWANA MKUBWA|KACHEPA MPATSO|ITAWA|F|8.0|RETURNING|KAPIRI MPOSHI|335535/61/1|977374612|3000.0|2025|APPROVED
NCC-CDF-SEC-0024|BWANA MKUBWA|MANGAMU DEBORAH|ITAWA|F|10.0|RETURNING|KAPIRI MPOSHI|454982/11/1|977629409|3000.0|2025|APPROVED
NCC-CDF-SEC-0025|BWANA MKUBWA|LUNDA BESHEBER|MUSHILI|F|10.0|NEW|MASAITI|207229/61/1|955887627|3000.0|2025|APPROVED
NCC-CDF-SEC-0026|BWANA MKUBWA|LUNDA EDINA|MUSHILI|F|9.0|NEW|MASAITI|207229/61/1|955887627|3000.0|2025|APPROVED
NCC-CDF-SEC-0027|BWANA MKUBWA|CHOONGO MALUBA|MUSHILI|F|10.0|RETURNING|MONZE|200717/74/1|977757734|3000.0|2025|APPROVED
NCC-CDF-SEC-0028|BWANA MKUBWA|KABUSWE CHICHETEKELO|KAVU|M|11.0|RETURNING|MPONGWE|228980/61/1|974827795|3000.0|2025|APPROVED
NCC-CDF-SEC-0029|BWANA MKUBWA|NYIRENDA ELIJAH|ITAWA|M|11.0|RETURNING|NDOLA|202285/62/1|962902313|3000.0|2025|APPROVED
NCC-CDF-SEC-0030|BWANA MKUBWA|MWILU AGATHAR|ITAWA|F|10.0|RETURNING|NDOLA|262534/66/1|966441036|3000.0|2025|APPROVED
NCC-CDF-SEC-0031|BWANA MKUBWA|CHISHALA ANGELINA|LUPILI|F|9.0|NEW|NDOLA|214478/65/1|977221170|3000.0|2025|APPROVED
NCC-CDF-SEC-0032|BWANA MKUBWA|CHANDA CHRISTINE|MUSHILI|F|11.0|NEW|NDOLA|533041/11/1|977474361|3000.0|2025|APPROVED
NCC-CDF-SEC-0033|BWANA MKUBWA|MUTALE PATIENCE|LUPILI|F|11.0|RETURNING|NDOLA|149828/35/1|768654485|3000.0|2025|APPROVED
NCC-CDF-SEC-0034|BWANA MKUBWA|MARTHA MWENDA|CHICHELE|F|11.0|NEW|NDOLA|181279/24/1|773166502|3000.0|2025|APPROVED
NCC-CDF-SEC-0035|BWANA MKUBWA|MUKALULA RUTH|TWASHUKA|F|11.0|RETURNING|NDOLA|203982/32/1|969561707|3000.0|2025|APPROVED
NCC-CDF-SEC-0036|BWANA MKUBWA|PRECIOUS CHOLA|LUPILI|F|8.0|RETURNING|NDOLA|397579/61/1|962355760|3000.0|2025|APPROVED
NCC-CDF-SEC-0037|BWANA MKUBWA|HAMWEEMBA SIPHIWE|ITAWA|F|11.0|NEW|SOLWEZI|553545/61/1|967044489|3000.0|2025|APPROVED
NCC-CDF-SEC-0038|BWANA MKUBWA|KASASE ISSAC|TWASHUKA|M|11.0|RETURNING|NDOLA|277114/32/1|978761427|3000.0|2025|APPROVED
NCC-CDF-SEC-0039|BWANA MKUBWA|SIMWALE LILY|MUSHILI|F|11.0|RETURNING|NDOLA|183964/73/1|966907994|3000.0|2025|APPROVED
NCC-CDF-SEC-0040|BWANA MKUBWA|AMINA SIMASIKU|KANTOLOMBA|F|8.0|NEW|NDOLA|325006/61/1|777000165|3000.0|2025|APPROVED
NCC-CDF-SEC-0041|BWANA MKUBWA|FATIMA SIMASIKU|KANTOLOMBA|F|10.0|NEW|NDOLA|325006/61/1|777000165|3000.0|2025|APPROVED
NCC-CDF-SEC-0042|BWANA MKUBWA|CHALI EMMANUEL|KANTOLOMBA|M|8.0|NEW|NDOLA|298189/16/1|976814436|3000.0|2025|APPROVED
NCC-CDF-SEC-0043|BWANA MKUBWA|NAMUTOWE ANGELA|ITAWA|F|7.0|NEW|NDOLA|137497/66/1|978684661|3000.0|2025|APPROVED
NCC-CDF-SEC-0044|BWANA MKUBWA|NAMBELA NDINAWE|ITAWA|F|11.0|RETURNING|MPONGWE|357914/61/1|763954496|3000.0|2025|APPROVED
NCC-CDF-SEC-0045|CHIFUBU|BWALYA TALLIT|KAWAMA|KADANSA||11/24/2009|GRADE 11|MANSA|RETURNING|3000.0|2025|APPROVED
NCC-CDF-SEC-0046|CHIFUBU|NYONDO LUSUBILO|CHIFUBU|MANGO||4/3/2008|GRADE 11|NDOLA|RETURNING|3000.0|2025|APPROVED
NCC-CDF-SEC-0047|CHIFUBU|KALYALYA LAMENT|KANIKI|KANIKI 1||4/1/2008|GRADE 10|MASAITI|RETURNING|3000.0|2025|APPROVED
NCC-CDF-SEC-0048|CHIFUBU|KALENGA ALEX|KANIKI|KANIKI2||8/20/2008|GRADE 10|MASAITI|RETURNING|3000.0|2025|APPROVED
NCC-CDF-SEC-0049|CHIFUBU|KAYANGE EMMA WENDY|CHIFUBU|NAKATINDI||5/1/2011|GRADE 9|MPONGWE|RETURNING|3000.0|2025|APPROVED
NCC-CDF-SEC-0050|CHIFUBU|MUZANGALU CHILUMBU|PAMDOZI|KALELA||26/06/2009|GRADE 10|MASAITI|NEW|3000.0|2025|APPROVED
NCC-CDF-SEC-0051|CHIFUBU|KABWE DAVID|KAMBA|MULEYA||11/17/2015|GRADE 2|NDOLA|RETURNING|3000.0|2025|APPROVED
NCC-CDF-SEC-0052|CHIFUBU|CHILUFYA JUDITH|CHIFUBU|NAKATINDI||2/2/2007|GRADE 9|LUFWANYAM A|RETURNING|3000.0|2025|APPROVED
NCC-CDF-SEC-0053|CHIFUBU|NJAPAU MARVELOUS|CHIFUBU|MANGO||4/23/2005|GRADE 12|LUFWANYAM A|RETURNING|3000.0|2025|APPROVED
NCC-CDF-SEC-0054|CHIFUBU|CHILUFYA YVETTE|CHIFUBU|MUKOBEKO||8/11/2006|GRADE 12|LUFWANYAM A|RETURNING|3000.0|2025|APPROVED
NCC-CDF-SEC-0055|CHIFUBU|MWICHE NATHAN MWANSA|FIBOBE|LUMUMBA||1/17/2007|GRADE 9|LUANGWA|RETURNING|3000.0|2025|APPROVED
NCC-CDF-SEC-0056|CHIFUBU|NJAPAU MCALPHA|KAMBA|MULEYA||2/2/2010|GRADE10|IKELENGE|NEW|3000.0|2025|APPROVED
NCC-CDF-SEC-0057|CHIFUBU|NJAPAU MARVELLOUS|KAMBA|MULEYA||10/10/2012|GRADE 9|NDOLA|NEW|3000.0|2025|APPROVED
NCC-CDF-SEC-0058|CHIFUBU|TAIZYA MARIA KABWE|KAMBA|MULEYA||8/22/2009|GRADE 11|LUSAKA|NEW|3000.0|2025|APPROVED
NCC-CDF-SEC-0059|CHIFUBU|KATONGO CHICHETEKELO|PAMDOZI|SATYA SAI||2/7/2003|GRADE 9|NDOLA|NEW|3000.0|2025|APPROVED
NCC-CDF-SEC-0060|CHIFUBU|CHABOTA MUCHIMBA|KAMBA|MULEYA||10/20/2009|GRADE 10|KAPIRI|NEW|3000.0|2025|APPROVED
NCC-CDF-SEC-0061|CHIFUBU|MULIMBIKA PRINCESS|CHIFUBU|MUKOBEKO||10/17/2006|GRADE 11|NDOLA|NEW|3000.0|2025|APPROVED
NCC-CDF-SEC-0062|KABUSHI|RICHARD HANGOMA|TOKA|M|14.0|9|SIMON MUSONDA|ST CLEMENT'S SECONDARY SCHOOL|MANSA|0.0|2025|APPROVED
NCC-CDF-SEC-0063|KABUSHI|KIMYE FAITH LUPIYA||F|14.0|10|MWANIDA PHIRI|MPONGWE BOARDING SECONDARY SCHOOL|MPONGWE|0.0|2025|APPROVED
NCC-CDF-SEC-0064|KABUSHI|YOLANTA NGUMBWE|MUKUBA|F|12.0|10|NYANJE AINELI|MUKINGE GIRLS SCHOOL||0.0|2025|APPROVED
NCC-CDF-SEC-0065|KABUSHI|KONDWANI MSISKA|SAMFYA|M|16.0|10|NELSON MSISKA|HILLCREST NATIONAL STEM SECONDARY|LIVINGSTONE|0.0|2025|APPROVED
NCC-CDF-SEC-0066|KABUSHI|ELIZABETH CHISANGA||F|15.0|10|MERCY KABWE|LION SCHOOL FOR THE BLIND||0.0|2025|APPROVED
NCC-CDF-SEC-0067|KABUSHI|MARY KAMUFUNSE|MUKUBA|F|17.0|10|CHISHIMBA LILIAN|MUSHILI HILLSIDE SECONDARY SCHOOL|NDOLA|0.0|2025|APPROVED
NCC-CDF-SEC-0068|KABUSHI|DAVID MWAPE||M|16.0|10|MERCY KABWE|LION SCHOOL FOR THE BLIND||0.0|2025|APPROVED
NCC-CDF-SEC-0069|KABUSHI|ANGEL KAFWIMBI||M|28.0|10|SUZEN MBOOLE|LION SCHOOL FOR THE BLIND|NDOLA|0.0|2025|APPROVED
NCC-CDF-SEC-0070|KABUSHI|MARGARET MVULA|KAFUBU|F|14.0|10|MADRINE MWALE|MPULUNGU BOARDING SECONDARY SCHOOL|NDOLA|0.0|2025|APPROVED
NCC-CDF-SEC-0071|KABUSHI|TYRA MWILA NAKAWAKWI|KANINI|F|14.0|10|GEORGE SIKAWAKWI|MKUSHI BOARDING SCHOOL|NDOLA|0.0|2025|APPROVED
NCC-CDF-SEC-0072|KABUSHI|ZONDE COSMAS|KAFUBU|M|14.0|8|COSMAS ZONDE|CHIWALA PROVINCIAL STEM SCHOOL|NDOLA|0.0|2025|APPROVED
NCC-CDF-SEC-0073|KABUSHI|BRIGHTON TEMBO|SKYWAYS|M|18.0|10|GLADYS LWAO|MUNGWI BOYS PROVINCIAL STEM SCHOOL||0.0|2025|APPROVED
NCC-CDF-SEC-0074|KABUSHI|CHITYAMBA DERRICK|TOKA|M|15.0|10|CHITYAMBOMATONG O|MASAITI BOADING SCHOOL|MASAITI|0.0|2025|APPROVED
NCC-CDF-SEC-0075|KABUSHI|CHIMESE SIMON MWINDULA|LUBUTO|M|15.0|8|CHIMESE EMMANUEL|CHIWALA PROVINCIAL STEM SCHOOL|NDOLA|0.0|2025|APPROVED
NCC-CDF-SEC-0076|KABUSHI|JOSEPH CHISHALA|KAFUBU|M|13.0|8||CHIWALA BOYS PROVINCIAL STEM SECONDARY SCHOOL|NDOLA|0.0|2025|APPROVED
NCC-CDF-SEC-0077|KABUSHI|JOSEPH MKUAND|KAFUBU|M|13.0|8||CHIWALA BOYS PROVINCIAL STEM SECONDARY SCHOOL|NDOLA|0.0|2025|APPROVED
